url,label
https://en.wikipedia.org/wiki/Typhoon_Flo_(1990),good
https://en.wikipedia.org/wiki/Szczakowa,good
https://en.wikipedia.org/wiki/Avlakia%2C_Othonoi,good
https://en.wikipedia.org/wiki/Dialog_im_Kamptal,good
https://en.wikipedia.org/wiki/2016%E2%80%9317_Radford_Highlanders_men's_basketball_team,good
https://en.wikipedia.org/wiki/1987_DFB-Pokal_final,good
https://en.wikipedia.org/wiki/Pressiat,good
https://en.wikipedia.org/wiki/Konstantin_Olshansky,good
https://en.wikipedia.org/wiki/Pope_Benedict_VII,good
https://en.wikipedia.org/wiki/College_rowing_in_the_United_States,good
https://en.wikipedia.org/wiki/Istanbul_International_Community_School,good
https://en.wikipedia.org/wiki/Left_Lane_Capital,good
https://en.wikipedia.org/wiki/Hadrianus_(turtle),good
https://en.wikipedia.org/wiki/Italian_cruiser_San_Giorgio,good
https://en.wikipedia.org/wiki/2009_Troy_Trojans_football_team,good
https://en.wikipedia.org/wiki/1995_Manila_local_elections,good
https://en.wikipedia.org/wiki/Miguel_%C3%81ngel_Pinto,good
https://en.wikipedia.org/wiki/Kirklandet,good
https://en.wikipedia.org/wiki/1966_Langhorne_100,good
https://en.wikipedia.org/wiki/The_Pleasure_and_the_Greed,good
https://en.wikipedia.org/wiki/Heliamphora_parva,good
https://en.wikipedia.org/wiki/Good_Morning%2C_Midnight_(Rhys_novel),good
https://en.wikipedia.org/wiki/Karoline_Simpson-Larsen,good
https://en.wikipedia.org/wiki/Goodspeed_Publishing,good
https://en.wikipedia.org/wiki/Noisettes,good
https://en.wikipedia.org/wiki/Paul_Gregory_(baseball),good
https://en.wikipedia.org/wiki/Krohnvikens_Bataljon,good
https://en.wikipedia.org/wiki/Liam_van_Gelderen,good
https://en.wikipedia.org/wiki/R346_road_(Ireland),good
https://en.wikipedia.org/wiki/Group_of_Nine,good
https://en.wikipedia.org/wiki/Unsorted,good
https://en.wikipedia.org/wiki/Herbert_Leavey,good
https://en.wikipedia.org/wiki/Oderaue,good
https://en.wikipedia.org/wiki/Ashwaq_Moharram,good
https://en.wikipedia.org/wiki/2000_Chilean_telethon,good
https://en.wikipedia.org/wiki/Belchin,good
https://en.wikipedia.org/wiki/Matia_Banu_Shuku,good
https://en.wikipedia.org/wiki/Skeena_Mountains,good
https://en.wikipedia.org/wiki/Spearman%2C_Texas,good
https://en.wikipedia.org/wiki/Irving_Langmuir_House,good
https://en.wikipedia.org/wiki/Nicole_Roth,good
https://en.wikipedia.org/wiki/Ashtray_Heart,good
https://en.wikipedia.org/wiki/Annamari_Dancs,good
https://en.wikipedia.org/wiki/Penjing,good
https://en.wikipedia.org/wiki/Odontarrhena_lesbiaca,good
https://en.wikipedia.org/wiki/Pedro_Antonio_de_Arag%C3%B3n,good
https://en.wikipedia.org/wiki/Chou_Min,good
https://en.wikipedia.org/wiki/Dainty_Marie,good
https://en.wikipedia.org/wiki/Tyvis_Powell,good
https://en.wikipedia.org/wiki/A_Man_Called_Tiger,good
https://en.wikipedia.org/wiki/Vazhikatti,good
https://en.wikipedia.org/wiki/Alto_Pichigua_District,good
https://en.wikipedia.org/wiki/%C4%8Cern%C3%A1_(%C5%BD%C4%8F%C3%A1r_nad_S%C3%A1zavou_District),good
https://en.wikipedia.org/wiki/Lalala_(song),good
https://en.wikipedia.org/wiki/Iwatayama_Monkey_Park,good
https://en.wikipedia.org/wiki/Delphi_Inscription,good
https://en.wikipedia.org/wiki/Day_trading,good
https://en.wikipedia.org/wiki/Ammar_Abadah_Nasser_al-Wa'eli,good
https://en.wikipedia.org/wiki/Stop_the_World_(The_Big_Pink_song),good
https://en.wikipedia.org/wiki/Colegiata_de_Nuestra_Se%C3%B1ora_de_la_Asunci%C3%B3n,good
https://en.wikipedia.org/wiki/Piazzale_Flaminio_railway_station,good
https://en.wikipedia.org/wiki/Suvorov_crossing_the_Alps,good
https://en.wikipedia.org/wiki/Samsung_Lions,good
https://en.wikipedia.org/wiki/Bhool_Bhulaiyaa_3,good
https://en.wikipedia.org/wiki/Baron_Blythswood,good
https://en.wikipedia.org/wiki/Coat_of_arms_of_Malacca,good
https://en.wikipedia.org/wiki/New_topographics_(photographic_genre),good
https://en.wikipedia.org/wiki/Eriogonum_helichrysoides,good
https://en.wikipedia.org/wiki/Cerithium_alucastrum,good
https://en.wikipedia.org/wiki/Zinc_finger_protein_121,good
https://en.wikipedia.org/wiki/Sab_Kichu_Bhene_Pare,good
https://en.wikipedia.org/wiki/Kristin_Ross,good
https://en.wikipedia.org/wiki/James_Madison_Bell,good
https://en.wikipedia.org/wiki/Charuplaya_tree_frog,good
https://en.wikipedia.org/wiki/Aruba_at_the_2024_World_Aquatics_Championships,good
https://en.wikipedia.org/wiki/2%2C2%2C4%2C4-Tetramethyl-1%2C3-cyclobutanediol,good
https://en.wikipedia.org/wiki/True_North_(novel),good
https://en.wikipedia.org/wiki/Tigliane,good
https://en.wikipedia.org/wiki/Let_It_Go!,good
https://en.wikipedia.org/wiki/Bipolaris,good
https://en.wikipedia.org/wiki/Hai_San_Secret_Society,good
https://en.wikipedia.org/wiki/Uvagut_TV,good
https://en.wikipedia.org/wiki/The_Bachelorette_(American_TV_series)_season_3,good
https://en.wikipedia.org/wiki/Pierre_Gagnaire,good
https://en.wikipedia.org/wiki/Shona_Bondhu,good
https://en.wikipedia.org/wiki/GreatAuPair,good
https://en.wikipedia.org/wiki/Goguryeo%E2%80%93Tang_War,good
https://en.wikipedia.org/wiki/Batochares,good
https://en.wikipedia.org/wiki/Vernon_P%C3%A9rez_Rubio,good
https://en.wikipedia.org/wiki/S._Krishna,good
https://en.wikipedia.org/wiki/Ylla,good
https://en.wikipedia.org/wiki/Helpmates,good
https://en.wikipedia.org/wiki/Saint-Pierre-de-M%C3%A9zoargues,good
https://en.wikipedia.org/wiki/Tess_of_the_d'Urbervilles_(1924_film),good
https://en.wikipedia.org/wiki/Khajeh_Nazar_Caravansarai,good
https://en.wikipedia.org/wiki/The_Love_Song_(Rockwell),good
https://en.wikipedia.org/wiki/James_P._Liautaud,good
https://en.wikipedia.org/wiki/William_L._Brown_(politician),good
https://en.wikipedia.org/wiki/Purple_Line_(song),good
https://en.wikipedia.org/wiki/Fanny_Brough,good
https://en.wikipedia.org/wiki/HMS_Jupiter_(1778),good
https://en.wikipedia.org/wiki/John_Kamara,good
https://en.wikipedia.org/wiki/Chi_L%C4%83ng_Stadium_(2016),good
https://en.wikipedia.org/wiki/Koj%C4%8Dice,good
https://en.wikipedia.org/wiki/Peter_Hanson,good
https://en.wikipedia.org/wiki/O'Doherty_family,good
https://en.wikipedia.org/wiki/Trebbiano,good
https://en.wikipedia.org/wiki/Hektor_Station,good
https://en.wikipedia.org/wiki/Bogus%C5%82aw_Szwacz,good
https://en.wikipedia.org/wiki/What_Passes_for_Survival,good
https://en.wikipedia.org/wiki/Teleporter_(album),good
https://en.wikipedia.org/wiki/Coppull_Mill,good
https://en.wikipedia.org/wiki/Civic_Crown,good
https://en.wikipedia.org/wiki/Finn_Lambrechts,good
https://en.wikipedia.org/wiki/Georgia_State_Route_371,good
https://en.wikipedia.org/wiki/The_Molly_Maguires_(film),good
https://en.wikipedia.org/wiki/Calliotropis_aeglees,good
https://en.wikipedia.org/wiki/Macy's_Building_(Cincinnati),good
https://en.wikipedia.org/wiki/Pleasant_Township%2C_Franklin_County%2C_Ohio,good
https://en.wikipedia.org/wiki/Nolichucky_Dam,good
https://en.wikipedia.org/wiki/Saint_John's_Catholic_Prep_(Maryland),good
https://en.wikipedia.org/wiki/Dobrovsky_District,good
https://en.wikipedia.org/wiki/Michael_Savory,good
https://en.wikipedia.org/wiki/Ligonier_Point_Historic_District,good
https://en.wikipedia.org/wiki/Union_Deportivo_Banda_Abou,good
https://en.wikipedia.org/wiki/UPF0488,good
https://en.wikipedia.org/wiki/Tornado_outbreak_sequence_of_June_1966,good
https://en.wikipedia.org/wiki/Chase_Lake,good
https://en.wikipedia.org/wiki/Do_You_Trust_Your_Friends%3F,good
https://en.wikipedia.org/wiki/Robert_Goldsand,good
https://en.wikipedia.org/wiki/Burneside_Paper_Mills_Tramway,good
https://en.wikipedia.org/wiki/Sennecey-l%C3%A8s-Dijon,good
https://en.wikipedia.org/wiki/Capari%C4%87,good
https://en.wikipedia.org/wiki/Japan_Ukiyo-e_Museum,good
https://en.wikipedia.org/wiki/Mahanadhi_(TV_series),good
https://en.wikipedia.org/wiki/The_Technicolor_Time_Machine,good
https://en.wikipedia.org/wiki/Guinean_mangroves,good
https://en.wikipedia.org/wiki/1912_Argentine_Primera_Divisi%C3%B3n_final,good
https://en.wikipedia.org/wiki/Sierra_Leone_at_the_2009_World_Championships_in_Athletics,good
https://en.wikipedia.org/wiki/Saddleworth_Moor,good
https://en.wikipedia.org/wiki/Salt_for_Svanetia,good
https://en.wikipedia.org/wiki/Marina_the_Monk,good
https://en.wikipedia.org/wiki/Frans_Suell,good
https://en.wikipedia.org/wiki/Toini_Topelius,good
https://en.wikipedia.org/wiki/Battle_of_Lokot,good
https://en.wikipedia.org/wiki/Anie_Pascale,good
https://en.wikipedia.org/wiki/Call_Me_(Jamelia_song),good
https://en.wikipedia.org/wiki/Shahrum_Kashani,good
https://en.wikipedia.org/wiki/The_Mall_(Bromley),good
https://en.wikipedia.org/wiki/Manatuto,good
https://en.wikipedia.org/wiki/Chrysocale_ferens,good
https://en.wikipedia.org/wiki/Lough_Derg%2C_County_Donegal,good
https://en.wikipedia.org/wiki/Rita_de_Morais_Sarmento,good
https://en.wikipedia.org/wiki/The_Best_of_1990%E2%80%932000,good
https://en.wikipedia.org/wiki/Technip_Energies,good
https://en.wikipedia.org/wiki/Labourdonnaisia,good
https://en.wikipedia.org/wiki/Tricharina,good
https://en.wikipedia.org/wiki/Trailed_by_Three,good
https://en.wikipedia.org/wiki/Summerhill_Township%2C_Cambria_County%2C_Pennsylvania,good
https://en.wikipedia.org/wiki/Alberd_Tersargyan,good
https://en.wikipedia.org/wiki/Ashok_Pati,good
https://en.wikipedia.org/wiki/Mukteshvara_Temple%2C_Bhubaneswar,good
https://en.wikipedia.org/wiki/Meg_O'Neill,good
https://en.wikipedia.org/wiki/Hendrika_van_Rumt,good
https://en.wikipedia.org/wiki/Southlands_Arts_Centre,good
https://en.wikipedia.org/wiki/Are_We_Not_Men%3F_We_Are_Diva!,good
https://en.wikipedia.org/wiki/WGIL,good
https://en.wikipedia.org/wiki/2013_Sugar_Bowl,good
https://en.wikipedia.org/wiki/Crumlin_railway_station_(Northern_Ireland),good
https://en.wikipedia.org/wiki/Everything_Changed...,good
https://en.wikipedia.org/wiki/Mario_Lambrughi,good
https://en.wikipedia.org/wiki/Sir_Henry_Brooke%2C_1st_Baronet,good
https://en.wikipedia.org/wiki/Koerich,good
https://en.wikipedia.org/wiki/Milan%E2%80%93Genoa_railway,good
https://en.wikipedia.org/wiki/2003_East_Ayrshire_Council_election,good
https://en.wikipedia.org/wiki/Crossing_Sewer,good
https://en.wikipedia.org/wiki/Lake_Kuremaa,good
https://en.wikipedia.org/wiki/Japanese_sloop_H%C5%8Dsh%C5%8D,good
https://en.wikipedia.org/wiki/Pomponia_polei,good
https://en.wikipedia.org/wiki/Kimberley_(album),good
https://en.wikipedia.org/wiki/Damavand_County,good
https://en.wikipedia.org/wiki/Clostera_apicalis,good
https://en.wikipedia.org/wiki/Susan_Enriquez,good
https://en.wikipedia.org/wiki/Drew_Nelson_(musician),good
https://en.wikipedia.org/wiki/Sumner%2C_Barron_County%2C_Wisconsin,good
https://en.wikipedia.org/wiki/Manyinga_District,good
https://en.wikipedia.org/wiki/Pino_Pagani,good
https://en.wikipedia.org/wiki/Bossiaea_lenticularis,good
https://en.wikipedia.org/wiki/Ash_(artist),good
https://en.wikipedia.org/wiki/Chang_Wei-chen,good
https://en.wikipedia.org/wiki/Formica_nepticula,good
https://en.wikipedia.org/wiki/Auditorio_Monte_do_Gozo,good
https://en.wikipedia.org/wiki/The_Flood_(1993_film),good
https://en.wikipedia.org/wiki/Stanis%C5%82aw_Kur,good
https://en.wikipedia.org/wiki/Do-Re-Mi_(band),good
https://en.wikipedia.org/wiki/John_Atherton_(pioneer),good
https://en.wikipedia.org/wiki/The_Confession_(1920_film),good
https://en.wikipedia.org/wiki/Catherine_Rouvel,good
https://en.wikipedia.org/wiki/Tom_Stout,good
https://en.wikipedia.org/wiki/Eva_Fe%C5%99tekov%C3%A1,good
https://en.wikipedia.org/wiki/Fraiburgo,good
https://en.wikipedia.org/wiki/Isoelectric_focusing,good
https://en.wikipedia.org/wiki/Terrier-Rouge,good
https://en.wikipedia.org/wiki/Tchaikovsky's_Wife,good
https://en.wikipedia.org/wiki/Janez_Drozg,good
https://en.wikipedia.org/wiki/HMS_R3,good
https://en.wikipedia.org/wiki/Vaucluse%2C_New_South_Wales,good
https://en.wikipedia.org/wiki/Caitlin_Dransfield,good
https://en.wikipedia.org/wiki/The_Three_Princes_of_Serendip,good
https://en.wikipedia.org/wiki/Crash_Course_(TV_series),good
https://en.wikipedia.org/wiki/Bad_Herrenalb,good
https://en.wikipedia.org/wiki/Fusako_Kitashirakawa,good
https://en.wikipedia.org/wiki/Sainik_School%2C_Korukonda,good
https://en.wikipedia.org/wiki/Bromford_Viaduct,good
https://en.wikipedia.org/wiki/Live_at_Austin_City_Limits,good
https://en.wikipedia.org/wiki/L%C3%A9on_Frissen,good
https://en.wikipedia.org/wiki/Peter_Beale,good
https://en.wikipedia.org/wiki/Jules_Goux,good
https://en.wikipedia.org/wiki/Hounslow_Heath_Golf_Centre,good
https://en.wikipedia.org/wiki/Germanic_languages,good
https://en.wikipedia.org/wiki/European_route_E004,good
https://en.wikipedia.org/wiki/Campenhausen,good
https://en.wikipedia.org/wiki/South_Chase%2C_Wisconsin,good
https://en.wikipedia.org/wiki/Back_to_the_Moon,good
https://en.wikipedia.org/wiki/Vesseaux,good
https://en.wikipedia.org/wiki/Pierre_Baguette_Cycling,good
https://en.wikipedia.org/wiki/Shiv_Ganga_Degree_College,good
https://en.wikipedia.org/wiki/St_Thomas_Indian_Orthodox_Church%2C_Liverpool,good
https://en.wikipedia.org/wiki/Gadmen,good
https://en.wikipedia.org/wiki/Po%C8%99aga,good
https://en.wikipedia.org/wiki/Tonikaku_Akarui_Yasumura,good
https://en.wikipedia.org/wiki/Eric_Beaudoin,good
https://en.wikipedia.org/wiki/Caldecote%2C_Hertfordshire,good
https://en.wikipedia.org/wiki/Friedlander%E2%80%93Iwaniec_theorem,good
https://en.wikipedia.org/wiki/The_Sir_John_Colfox_Academy,good
https://en.wikipedia.org/wiki/Musan_station,good
https://en.wikipedia.org/wiki/Mondo_Hollywood,good
https://en.wikipedia.org/wiki/Pit_Leyder,good
https://en.wikipedia.org/wiki/Caroline_Ladd_Pratt_House,good
https://en.wikipedia.org/wiki/Nahshon_Dion,good
https://en.wikipedia.org/wiki/Hama_Ekani_Kalaayahtakai,good
https://en.wikipedia.org/wiki/Acleris_yasutoshii,good
https://en.wikipedia.org/wiki/Luke_Murray,good
https://en.wikipedia.org/wiki/Talla_Water,good
https://en.wikipedia.org/wiki/Derwin_Martina,good
https://en.wikipedia.org/wiki/Arzoxifene,good
https://en.wikipedia.org/wiki/Himation,good
https://en.wikipedia.org/wiki/Simud_Valles,good
https://en.wikipedia.org/wiki/Istaria%3A_Chronicles_of_the_Gifted,good
https://en.wikipedia.org/wiki/New_Salisbury%2C_Indiana,good
https://en.wikipedia.org/wiki/Oxel%C3%B6sund,good
https://en.wikipedia.org/wiki/Lithium_diphenylphosphide,good
https://en.wikipedia.org/wiki/Jogging,good
https://en.wikipedia.org/wiki/Future_Strategic_Tanker_Aircraft,good
https://en.wikipedia.org/wiki/Martin_Rowson,good
https://en.wikipedia.org/wiki/Taifa_of_Silves,good
https://en.wikipedia.org/wiki/Patricia_Fara,good
https://en.wikipedia.org/wiki/Rosen%2C_Minnesota,good
https://en.wikipedia.org/wiki/Daron_Nefcy,good
https://en.wikipedia.org/wiki/Sadowsky,good
https://en.wikipedia.org/wiki/Chaochih_Liu,good
https://en.wikipedia.org/wiki/Q-type_Queens_car_(New_York_City_Subway_car),good
https://en.wikipedia.org/wiki/Gerardo_Taracena,good
https://en.wikipedia.org/wiki/New_York_State_Education_Building,good
https://en.wikipedia.org/wiki/Eliss,good
https://en.wikipedia.org/wiki/Joseph_Frank_McGregory,good
https://en.wikipedia.org/wiki/Shelley_McNamara,good
https://en.wikipedia.org/wiki/Tatiana_Ratcu,good
https://en.wikipedia.org/wiki/Dexter_Asylum,good
https://en.wikipedia.org/wiki/Cornerstone_(Styx_album),good
https://en.wikipedia.org/wiki/Living_Water_International,good
https://en.wikipedia.org/wiki/Schaereria_fuscocinerea,good
https://en.wikipedia.org/wiki/Mission%3A_Impossible_vs._the_Mob,good
https://en.wikipedia.org/wiki/Hematocele,good
https://en.wikipedia.org/wiki/Se%C3%B1orita_Panam%C3%A1_2004,good
https://en.wikipedia.org/wiki/Woolmanhill_Hospital,good
https://en.wikipedia.org/wiki/The_Opposite_Sex_(2014_film),good
https://en.wikipedia.org/wiki/Charles_Berth%C3%A9zenne,good
https://en.wikipedia.org/wiki/Inertial_measurement_unit,good
https://en.wikipedia.org/wiki/Confessions_of_a_Sorority_Girl,good
https://en.wikipedia.org/wiki/Gange,good
https://en.wikipedia.org/wiki/Nicola_Sinnott,good
https://en.wikipedia.org/wiki/Tlidjene,good
https://en.wikipedia.org/wiki/Harold_H._Velde,good
https://en.wikipedia.org/wiki/Kyrkjeb%C3%B8_(village),good
https://en.wikipedia.org/wiki/Umbrella_octopus,good
https://en.wikipedia.org/wiki/Daereungwon,good
https://en.wikipedia.org/wiki/Fun_in_a_Bakery_Shop,good
https://en.wikipedia.org/wiki/Magnus_Erlendsson%2C_Earl_of_Orkney,good
https://en.wikipedia.org/wiki/Leonel_Brizola,good
https://en.wikipedia.org/wiki/1954_Australian_federal_election,good
https://en.wikipedia.org/wiki/Pterygotidae,good
https://en.wikipedia.org/wiki/Battle_of_Tellicherry,good
https://en.wikipedia.org/wiki/Scene_No._7,good
https://en.wikipedia.org/wiki/Burn_(Jessica_Mauboy_song),good
https://en.wikipedia.org/wiki/Charles_Blakeney_(Australian_politician),good
https://en.wikipedia.org/wiki/Clash_(2016_film),good
https://en.wikipedia.org/wiki/Darly_de_Paula,good
https://en.wikipedia.org/wiki/Bear_Sylvester,good
https://en.wikipedia.org/wiki/Raivis_Z%C4%ABmelis,good
https://ko.wikipedia.org/wiki/93_%EB%AF%B8%EB%84%A4%EB%A5%B4%EB%B0%94,good
https://ko.wikipedia.org/wiki/%EB%B9%85%ED%84%B0_%EC%99%84%EC%95%BC%EB%A7%88,good
https://ko.wikipedia.org/wiki/%EB%9E%8C%ED%8B%B4%EC%97%AD,good
https://ko.wikipedia.org/wiki/%EC%8B%9C%EB%9D%BC_%ED%95%98%EC%8A%A4,good
https://ko.wikipedia.org/wiki/%ED%8F%B4%EB%93%9C%EC%9E%87,good
https://ko.wikipedia.org/wiki/%EA%BC%B0%EB%B0%94%EC%9B%85_%EC%99%95%EC%A1%B0,good
https://ko.wikipedia.org/wiki/%EB%84%A4%EA%B7%B8%EB%A6%AC%ED%86%A0,good
https://ko.wikipedia.org/wiki/%EC%9D%B4%ED%99%94%EC%9E%A5,good
https://ko.wikipedia.org/wiki/%EB%AF%B8%EA%B7%B8,good
https://ko.wikipedia.org/wiki/%EC%84%B8%EB%A5%B4%EC%A1%B0_%EB%A7%88%EB%A5%B4%ED%82%A4%EC%98%A8%EB%84%A4,good
https://ko.wikipedia.org/wiki/%ED%94%84%EB%9E%80%EC%B8%A0_%ED%8F%B0_%ED%8C%8C%ED%8E%9C,good
https://ko.wikipedia.org/wiki/%EB%8B%AC%EB%84%A4%EB%A0%88%EC%B2%B8%EC%8A%A4%ED%81%AC,good
https://ko.wikipedia.org/wiki/%EB%A0%88%EC%9D%B4%EB%94%94_%EB%B9%99_%EB%A9%94%EB%AA%A8%EB%A6%AC%EC%96%BC_%ED%8A%B8%EB%A1%9C%ED%94%BC,good
https://ko.wikipedia.org/wiki/%EB%8C%80%EB%A7%8C_%EA%B3%A0%EC%86%8D%EC%B2%A0%EB%8F%84,good
https://ko.wikipedia.org/wiki/%EB%AA%A8%EA%B5%AC_%ED%98%95%EC%A7%88%EC%84%B8%ED%8F%AC%EC%96%91_%EC%88%98%EC%A7%80%EC%83%81%EC%84%B8%ED%8F%AC_%EC%A2%85%EC%96%91,good
https://ko.wikipedia.org/wiki/%EC%B5%9C%EA%B8%B0%EC%84%A0,good
https://ko.wikipedia.org/wiki/%EC%88%98%EB%9E%8F%ED%83%80%EB%8B%88_%EA%B5%AD%EC%A0%9C%EA%B3%B5%ED%95%AD,good
https://ko.wikipedia.org/wiki/London_Calling,good
https://ko.wikipedia.org/wiki/%EC%84%B8%EA%B0%80%EC%8B%9C%ED%88%AC%EA%B5%AC%EA%B2%8C,good
https://ko.wikipedia.org/wiki/%EC%8A%A4%EC%BF%A0%EC%98%AC-%ED%83%80%EB%9D%BC%EC%8A%A4%ED%94%84%EC%97%AD,good
https://ko.wikipedia.org/wiki/%EC%82%B0%EB%B3%B8%EC%B2%9C%EB%A1%9C,good
https://ko.wikipedia.org/wiki/%EB%A7%88%EB%A5%B4%ED%81%AC_%EC%B9%B4%EC%82%AC%EB%8F%84,good
https://ko.wikipedia.org/wiki/%EC%B9%99_%ED%97%A4%EC%9D%B4%ED%94%BC,good
https://ko.wikipedia.org/wiki/%EC%BA%84%EB%8D%B4_%ED%86%A0%EC%9D%B4,good
https://ko.wikipedia.org/wiki/%EB%8B%88%EC%9E%90%ED%86%A0%EC%97%AD,good
https://ko.wikipedia.org/wiki/%ED%94%84%EB%A0%88%EB%93%9C%EB%A6%AD_%ED%8E%98%EB%B9%84_%EB%B8%8C%EB%A3%A8%EC%8A%A4,good
https://ko.wikipedia.org/wiki/%EC%95%88%EB%93%9C%EB%A6%AC%EC%95%88,good
https://ko.wikipedia.org/wiki/%EC%9D%B4%EB%A7%8C_%EC%95%95%EB%91%98%EB%A7%88%EC%A7%80%EB%93%9C,good
https://ko.wikipedia.org/wiki/%EC%98%A4%EC%B9%B4%EC%99%80%EC%B4%8C,good
https://ko.wikipedia.org/wiki/%EC%95%85%EB%A7%88,good
https://ko.wikipedia.org/wiki/%EC%9B%90%EC%A3%BC%EC%9C%A8,good
https://ko.wikipedia.org/wiki/%EC%82%B0%EC%84%B8%EC%BD%98%EB%8F%84%EB%94%94%ED%94%BC%EB%84%A4%EB%A1%A4%EB%A1%9C,good
https://ko.wikipedia.org/wiki/%EC%95%88%ED%86%A4_%EB%B2%A0%EB%B2%A0%EB%A5%B8,good
https://ko.wikipedia.org/wiki/ATV_(%ED%8A%80%EB%A5%B4%ED%82%A4%EC%98%88%EC%9D%98_%ED%85%94%EB%A0%88%EB%B9%84%EC%A0%84_%EB%84%A4%ED%8A%B8%EC%9B%8C%ED%81%AC),good
https://ko.wikipedia.org/wiki/%ED%94%84%EB%9E%80%EC%B8%A0_%EC%9A%94%EC%A0%9C%ED%94%84_%EC%8A%88%ED%8A%B8%EB%9D%BC%EC%9A%B0%EC%8A%A4,good
https://ko.wikipedia.org/wiki/Stephen_Stills_2,good
https://ko.wikipedia.org/wiki/%EB%8F%84%EB%AF%B8%EC%97%90%EC%A0%95,good
https://ko.wikipedia.org/wiki/%EC%97%90%EB%93%9C%EC%9B%8C%EB%93%9C_%EC%97%A5%EA%B2%94%EB%A7%8C_%EC%A3%BC%EB%8B%88%EC%96%B4,good
https://ko.wikipedia.org/wiki/%EB%A7%90%EB%AB%BC_%EC%95%84%EB%A0%88%EB%82%98,good
https://ko.wikipedia.org/wiki/%ED%98%B8%EA%B7%B8%EC%99%80%ED%8A%B8_%EB%A0%88%EA%B1%B0%EC%8B%9C,good
https://ko.wikipedia.org/wiki/%EC%95%88%EB%93%9C%EB%A0%88%EC%9D%B4_%ED%83%80%EB%A5%B4%EC%BD%A5%EC%8A%A4%ED%82%A4,good
https://ko.wikipedia.org/wiki/%EA%B5%90%ED%99%A9_%EA%B0%88%EB%A6%AC%EC%8A%A4%ED%86%A0_3%EC%84%B8,good
https://ko.wikipedia.org/wiki/Lonesome_Crow,good
https://ko.wikipedia.org/wiki/%EB%A7%88%ED%8B%B4_%ED%81%AC%EB%9F%AC%EC%8A%A4%EC%BB%AC,good
https://ko.wikipedia.org/wiki/%EC%95%84%EB%AF%B8%EB%85%B8%EC%95%84%EC%8B%A4%EA%B8%B0%EC%A0%84%EC%9D%B4%ED%9A%A8%EC%86%8C,good
https://ko.wikipedia.org/wiki/%EC%9C%A1%EC%A0%84_(%EC%9D%8C%EC%8B%9D),good
https://ko.wikipedia.org/wiki/1945%EB%85%84_%EB%AF%B8%EC%88%A0,good
https://ko.wikipedia.org/wiki/%EB%8D%94_%EB%82%B4%EC%85%94%EB%84%90_(%EB%B0%B4%EB%93%9C),good
https://ko.wikipedia.org/wiki/%EA%B9%80%EC%86%8C%ED%98%84_(1999%EB%85%84),good
https://ko.wikipedia.org/wiki/%ED%81%AC%EB%A1%9C%EC%BF%A0%EC%8A%A4_%EC%8B%9C%ED%8B%B0%ED%99%80_%ED%85%8C%EB%9F%AC,good
https://ko.wikipedia.org/wiki/%EB%8B%A4%EC%99%80%EA%B5%AC,good
https://ko.wikipedia.org/wiki/%ED%94%8C%EB%9E%98%EB%8B%9B_%ED%85%8C%EB%9F%AC,good
https://ko.wikipedia.org/wiki/%EB%8D%B0%EC%9D%B4%EB%B9%84%EB%93%9C_%EC%96%B4%EB%B9%99,good
https://ko.wikipedia.org/wiki/%EC%B9%B4%EB%B0%94%EB%8D%B0%ED%8B%B0%EB%A0%88%EB%8B%88,good
https://ko.wikipedia.org/wiki/%EB%8F%85%EB%A6%BD%EB%AC%B8,good
https://ko.wikipedia.org/wiki/%EC%84%B1_%EC%9A%94%ED%95%9C_%EC%A0%84%EC%95%BC%EC%A0%9C,good
https://ko.wikipedia.org/wiki/%EB%B4%89%EC%84%A0%ED%99%94,good
https://ko.wikipedia.org/wiki/%EC%8A%A4%EC%9B%A8%EB%8D%B4%EC%9D%98_%EC%9E%AC%EC%99%B8%EA%B3%B5%EA%B4%80_%EB%AA%A9%EB%A1%9D,good
https://ko.wikipedia.org/wiki/%EC%BA%90%EB%82%98%EB%8B%A4_%EA%B5%AD%EB%A6%BD%EC%9D%80%ED%96%89,good
https://ko.wikipedia.org/wiki/%ED%99%94%EC%82%B0_%EC%9D%B4%EC%94%A8,good
https://ko.wikipedia.org/wiki/%EC%9C%A4%EC%A7%84%EC%8B%9D,good
https://ko.wikipedia.org/wiki/%EC%98%AC%EB%A0%88%EB%82%98_%EB%B3%B4%EB%A1%9C%EB%8B%88%EB%82%98,good
https://ko.wikipedia.org/wiki/%EA%B9%80%EC%A3%BC%EB%82%98,good
https://ko.wikipedia.org/wiki/%EB%B2%A0%EB%A5%B4%EC%85%B0%EB%B0%94,good
https://ko.wikipedia.org/wiki/%ED%95%B5%EC%9D%B8%EC%9E%90_%EC%B9%B4%ED%8C%8C%EB%B9%84,good
https://ko.wikipedia.org/wiki/%EB%A9%94%EC%9D%B4%EC%A0%80_%EB%A6%AC%EA%B7%B8_%EC%82%AC%EC%BB%A4,good
https://ko.wikipedia.org/wiki/%EC%9D%B4%EC%99%80%ED%83%80%EC%97%AD_(%EC%95%BC%EB%A7%88%EA%B5%AC%EC%B9%98%ED%98%84),good
https://ko.wikipedia.org/wiki/%EB%85%B9%EC%A1%B0%EC%8B%9D%EB%AC%BC,good
https://ko.wikipedia.org/wiki/%EB%82%98%ED%8F%B4%EB%A6%AC%EC%96%B4_%EC%9C%84%ED%82%A4%EB%B0%B1%EA%B3%BC,good
https://ko.wikipedia.org/wiki/%EC%9B%94%EA%B2%BD_%EC%A3%BC%EA%B8%B0,good
https://ko.wikipedia.org/wiki/%EB%B3%B5%EC%88%98%EB%85%B8%ED%8A%B8_2,good
https://ko.wikipedia.org/wiki/%EB%B2%A0%EC%8A%A4%ED%8A%B8_%ED%94%BC%EC%98%A4%EB%A5%B4,good
https://ko.wikipedia.org/wiki/%EC%B9%B4%EB%A5%BC_%ED%95%98%EC%9D%B8%EB%A6%AC%ED%9E%88_%EC%97%90%EB%B0%80_%EB%B2%A0%EC%BB%A4,good
https://ko.wikipedia.org/wiki/%EC%95%88%EA%B0%95-%EA%B8%B0%EA%B3%84_%EC%A0%84%ED%88%AC,good
https://ko.wikipedia.org/wiki/%EC%BC%80%EC%9E%84%EB%B8%8C%EB%A6%AC%EC%A7%80,good
https://ko.wikipedia.org/wiki/%ED%95%98%EB%B9%84%EC%97%90%EB%A5%B4_%EC%82%AC%EA%B0%80%EB%A5%B4%EC%82%AC%EC%88%98,good
https://ko.wikipedia.org/wiki/%EC%95%88%EB%93%9C%EB%A0%88%EC%95%84_%EC%BD%94%EC%88%98,good
https://ko.wikipedia.org/wiki/%ED%8F%AC%ED%84%B0%EC%9A%B0%EA%B5%AC,good
https://ko.wikipedia.org/wiki/%EC%8A%A4%EB%B0%94%EB%A3%A8_%ED%8C%8C%ED%81%AC,good
https://ko.wikipedia.org/wiki/Bitches_Brew_Live,good
https://ko.wikipedia.org/wiki/%ED%99%A9%EC%B6%98%EC%97%AD_(%EB%B2%A0%EC%9D%B4%EC%A7%95_%EC%A7%80%ED%95%98%EC%B2%A0),good
https://ko.wikipedia.org/wiki/%EB%85%B8%ED%8D%BD%EA%B5%B0_(%EB%A7%A4%EC%82%AC%EC%B6%94%EC%84%B8%EC%B8%A0%EC%A3%BC),good
https://ko.wikipedia.org/wiki/%EC%99%95%EC%A0%84_(%EC%A0%84%EA%B5%AD),good
https://ko.wikipedia.org/wiki/%EC%9D%B8%ED%94%8C%EB%A3%A8%EC%97%94%EC%9E%90%EB%B0%94%EC%9D%B4%EB%9F%AC%EC%8A%A4_A%ED%98%95,good
https://ko.wikipedia.org/wiki/2006%EB%85%84_%EB%8F%99%EA%B3%84_%EC%98%AC%EB%A6%BC%ED%94%BD_%EC%95%84%EB%A5%B4%EB%A9%94%EB%8B%88%EC%95%84_%EC%84%A0%EC%88%98%EB%8B%A8,good
https://ko.wikipedia.org/wiki/%EB%A0%88%ED%8E%98_(%EB%A1%AC%EB%B0%94%EB%A5%B4%EB%94%94%EC%95%84%EC%A3%BC),good
https://ko.wikipedia.org/wiki/%EC%97%90%EC%96%B4%EB%8B%9B%ED%8F%B0,good
https://ko.wikipedia.org/wiki/%EC%A1%B4_%EC%8B%9C%EB%AA%AC%EC%8A%A4_%EB%B0%94%EC%8A%A4,good
https://ko.wikipedia.org/wiki/%EB%AA%85%EC%8B%AD%EC%82%BC%EB%A6%89,good
https://ko.wikipedia.org/wiki/%EC%BD%94%EB%A6%B0_%ED%84%B0%EC%BB%A4,good
https://ko.wikipedia.org/wiki/%ED%94%84%EB%A6%AC%EB%93%9C%EB%A6%AC%ED%9E%88_%EB%B9%8C%ED%97%AC%EB%A6%84_1%EC%84%B8_(%ED%94%84%EB%A1%9C%EC%9D%B4%EC%84%BC),good
https://ko.wikipedia.org/wiki/%ED%95%9C%ED%98%9C%EC%A7%84_(%EA%B0%80%EC%88%98),good
https://ko.wikipedia.org/wiki/%EB%B9%8C%ED%97%AC%EB%A6%84_%ED%94%84%EB%A6%AC%EB%8D%B0%EB%A7%8C_%EB%B0%94%ED%9D%90,good
https://ko.wikipedia.org/wiki/%EC%BD%A9%EC%BD%94%EB%A5%B4%EB%93%9C_%EB%8B%A4%EB%A6%AC,good
https://ko.wikipedia.org/wiki/%EA%B5%B4%EC%8B%AC%EB%B0%A9%EA%B2%B0%EC%A0%88,good
https://ko.wikipedia.org/wiki/%EC%9A%B4%ED%95%AD_%EA%B4%80%EC%A0%9C%EC%82%AC,good
https://ko.wikipedia.org/wiki/%EC%93%B0%EC%B9%98%EC%9E%90%ED%82%A4%EB%AF%B8%EB%82%98%ED%86%A0%EC%A0%95,good
https://ko.wikipedia.org/wiki/%EC%B9%B4%EB%82%98%EB%A7%88%EB%A6%AC%EC%9A%B0%EC%95%84%EC%B9%B4%EB%A6%AC,good
https://ko.wikipedia.org/wiki/%EC%B2%AD%EC%A7%84%EC%98%A5,good
https://ko.wikipedia.org/wiki/%EC%82%AC%EC%BD%94,good
https://ko.wikipedia.org/wiki/%ED%95%9C%EC%A3%BC%EC%97%BD,good
https://ko.wikipedia.org/wiki/%EA%B9%80%ED%98%84%EC%A7%84_(1996%EB%85%84),good
https://ko.wikipedia.org/wiki/%EB%AF%B8%EB%93%A4%EB%A1%9C%EB%94%94%EC%96%B8,good
https://ko.wikipedia.org/wiki/%EC%B0%AC%EC%86%A1%EA%B0%80(UNION_HYMNAL),good
https://ko.wikipedia.org/wiki/%EA%B0%9C%EC%8A%A4%ED%84%B4_%EC%8A%A4%ED%8A%B8%EB%A1%9C%EB%B9%84%EB%85%B8,good
https://ko.wikipedia.org/wiki/%EC%9D%B4%EC%8B%9C%EC%9D%B4_%EB%8B%A4%EC%9D%B4%EC%B9%98,good
https://ko.wikipedia.org/wiki/%EC%8A%A4%ED%83%80_%ED%8A%B8%EB%A0%89_5%3A_%EC%B5%9C%ED%9B%84%EC%9D%98_%EA%B2%B0%EC%A0%84,good
https://ko.wikipedia.org/wiki/%EC%8A%A4%ED%94%8C%EB%A6%AC%ED%8A%B8,good
https://ko.wikipedia.org/wiki/%EC%95%84%EB%A9%9C%EB%A6%AC_%EB%85%B8%ED%86%B5%EB%B8%8C,good
https://ko.wikipedia.org/wiki/%EA%B6%8C%EC%9D%91%EC%88%98,good
https://ko.wikipedia.org/wiki/%ED%99%8D%EB%A6%B0,good
https://ko.wikipedia.org/wiki/%EB%A6%AC%EC%AF%94%EC%A5%94,good
https://ko.wikipedia.org/wiki/%ED%98%B8%EC%8A%88%EC%95%BC%EB%A7%88%EC%B4%8C,good
https://ko.wikipedia.org/wiki/%EC%9E%90%EB%B0%98%ED%92%80,good
https://ko.wikipedia.org/wiki/%EC%9D%B4_%EA%B0%88%EC%9D%B4,good
https://ko.wikipedia.org/wiki/%ED%82%A4%EB%A6%AC%EB%A7%9B%EA%B5%B0,good
https://ko.wikipedia.org/wiki/%EB%A0%88%EB%93%9C%EC%BB%A4%EB%9F%B0%ED%8A%B8,good
https://ko.wikipedia.org/wiki/%EB%AA%A8%EB%A6%AC%EC%8A%A4_%EB%A5%B4%EB%B8%94%EB%A1%9C_%EB%8C%80%ED%9A%8C,good
https://ko.wikipedia.org/wiki/%EB%B0%9C%EB%A0%88%EB%A6%AC_%ED%8E%98%ED%81%AC%EB%A0%88%EC%8A%A4,good
https://ko.wikipedia.org/wiki/%EC%95%A8%EC%BB%A4%ED%8A%B8%EB%9E%98%EC%A6%88%EC%84%AC,good
https://ko.wikipedia.org/wiki/%EC%84%B8%EC%8A%A4%EB%82%98,good
https://ko.wikipedia.org/wiki/%EB%8C%80%EB%8B%88_%EB%93%9C%EB%B9%84%ED%86%A0,good
https://ko.wikipedia.org/wiki/%EB%8D%94_%ED%95%B4%EB%B9%8C%EB%9F%B0%EB%93%9C_DH.106_%EC%BD%94%EB%A9%A7,good
https://ko.wikipedia.org/wiki/%EC%A7%80%ED%98%84%EC%A0%95_(%ED%94%BC%EA%B2%A8%EC%8A%A4%EC%BC%80%EC%9D%B4%ED%8C%85_%EC%84%A0%EC%88%98),good
https://ko.wikipedia.org/wiki/%ED%8C%8C%EB%B9%84%EC%95%88_%EB%B2%A4%EC%BD%94,good
https://ko.wikipedia.org/wiki/%EC%A2%85%EC%9D%B4,good
https://ko.wikipedia.org/wiki/%EB%8D%B1%EC%8A%A4_(%EC%9C%A0%ED%8A%9C%EB%B2%84),good
https://ko.wikipedia.org/wiki/%EB%A7%88%EB%A0%88%ED%81%AC_%EB%AF%BC%ED%83%88,good
https://ko.wikipedia.org/wiki/%EC%84%B8%EC%9D%B8%ED%8A%B8%ED%94%84%EB%9E%91%EC%88%98%EC%95%84%EA%B5%B0,good
https://ko.wikipedia.org/wiki/%EB%82%98%EC%B9%B4%EB%85%B8%EC%87%BC%EC%97%AD,good
https://ko.wikipedia.org/wiki/%EA%B5%B0%ED%84%B0_%ED%8F%B0_%ED%95%98%EA%B2%90%EC%8A%A4,good
https://ko.wikipedia.org/wiki/%EB%9D%BC%EC%9D%B4%EC%96%B4_%EB%9D%BC%EC%9D%B4%EC%96%B4,good
https://ko.wikipedia.org/wiki/%EC%82%AC%EB%84%88%EB%93%9C_%EC%97%90%EB%9F%B0,good
https://ko.wikipedia.org/wiki/%EB%AA%A8%EB%A6%AC%EC%8A%A4_%EB%9D%BC%EB%B2%A8,good
https://ko.wikipedia.org/wiki/%EC%BD%94%EB%BF%94%EC%86%8C,good
https://ko.wikipedia.org/wiki/%EC%99%80%EC%B9%B4%ED%98%B8%EC%A0%95,good
https://ko.wikipedia.org/wiki/%EC%97%90%EB%93%9C_%EB%B8%8C%EB%9E%98%EB%94%94,good
https://ko.wikipedia.org/wiki/%EC%9A%94%EC%BD%94%EB%AF%B8%EA%B5%B0,good
https://ko.wikipedia.org/wiki/%EA%B2%BD%EC%9D%B8%EA%B3%A0%EC%86%8D%EB%8F%84%EB%A1%9C,good
https://ko.wikipedia.org/wiki/%EA%B0%9C%EB%A6%AC_%EC%83%8C%EB%94%94,good
https://ko.wikipedia.org/wiki/%ED%91%B8%EB%91%A5_%EC%8B%A0%EA%B5%AC,good
https://ko.wikipedia.org/wiki/%EA%B3%BC%EC%9D%BC%EC%86%8C%EC%A3%BC,good
https://ko.wikipedia.org/wiki/%ED%9D%B0%EC%9E%90,good
https://ko.wikipedia.org/wiki/%EB%B0%98_%EA%B3%A0%ED%9D%90%EC%9D%98_%EC%A0%95%EB%AC%BC%ED%99%94_(%ED%8C%8C%EB%A6%AC),good
https://ko.wikipedia.org/wiki/%EC%8B%A0%ED%86%A0%EC%BF%A0%EC%97%AD,good
https://ko.wikipedia.org/wiki/%ED%8E%98%EB%9D%BC%EB%A6%AC_%EB%9E%9C%EB%93%9C,good
https://ko.wikipedia.org/wiki/%EB%88%8C%EB%B9%84,good
https://ko.wikipedia.org/wiki/%EC%9C%A0%ED%82%A4%EB%AF%B8_%EB%8B%A4%EC%9D%B4%ED%9B%84%EC%BF%A0,good
https://ko.wikipedia.org/wiki/%EC%88%98%EB%8F%99%EB%B3%80%EC%86%8D%EA%B8%B0,good
https://ko.wikipedia.org/wiki/%EA%B1%B4%EC%B2%AD%EA%B6%81_(%EA%B2%BD%EB%B3%B5%EA%B6%81),good
https://ko.wikipedia.org/wiki/%EB%B8%8C%EB%9D%BC%EC%9A%B4%EC%8A%88%EB%B0%94%EC%9D%B4%ED%81%AC_%EA%B3%B5%EA%B3%BC%EB%8C%80%ED%95%99%EA%B5%90,good
https://ko.wikipedia.org/wiki/%EB%AF%B8%EB%9D%BC%EA%B3%A0%EC%95%88,good
https://ko.wikipedia.org/wiki/%EC%A0%91%EA%B7%BC%EC%84%B1,good
https://ko.wikipedia.org/wiki/%EC%95%84%EC%9D%B4%EC%97%A0_(%EB%93%9C%EB%9D%BC%EB%A7%88),good
https://ko.wikipedia.org/wiki/2026%EB%85%84_%EB%8F%99%EA%B3%84_%EC%98%AC%EB%A6%BC%ED%94%BD_%EC%95%8C%ED%8C%8C%EC%9D%B8%EC%8A%A4%ED%82%A4_%EB%82%A8%EC%9E%90_%ED%99%9C%EA%B0%95,good
https://ko.wikipedia.org/wiki/%ED%86%A0%EB%93%9C%EA%B5%B0_(%EC%BC%84%ED%84%B0%ED%82%A4%EC%A3%BC),good
https://ko.wikipedia.org/wiki/%EC%BA%84%ED%8F%AC%EB%94%94%EB%A9%9C%EB%A0%88,good
https://ko.wikipedia.org/wiki/%EC%98%A4%EB%A6%AC%EC%BD%9C%EB%9D%BC,good
https://ko.wikipedia.org/wiki/%ED%83%9C%ED%92%8D_%EB%9D%BC%EA%B0%80%EC%82%AC,good
https://ko.wikipedia.org/wiki/%EC%8B%A0%EC%A0%95%EC%97%AD,good
https://ko.wikipedia.org/wiki/%EC%95%84%EB%B9%84%EC%95%84%ED%85%8C%EA%B7%B8%EB%9D%BC%EC%86%8C,good
https://ko.wikipedia.org/wiki/%ED%81%AC%EB%A0%88%EC%9D%B4%EA%B7%B8_%EB%B8%94%EB%A0%88%EC%96%B4,good
https://ko.wikipedia.org/wiki/%EC%95%84%EB%84%A4%EB%A5%B4%EC%8A%A4_%ED%81%AC%EB%A6%AC%EC%8A%A4%ED%8B%B0%EC%95%88%EC%84%BC,good
https://ko.wikipedia.org/wiki/%EB%A0%88%EC%9D%B4%EB%94%94%EB%8D%B0%EB%B8%94%EB%AA%AC,good
https://ko.wikipedia.org/wiki/%EA%B3%A8%EB%B1%85%EC%9D%B4%EB%AC%B4%EC%B9%A8,good
https://ko.wikipedia.org/wiki/%ED%86%B5%EC%98%81%EC%98%A4%EA%B4%91%EB%8C%80,good
https://ko.wikipedia.org/wiki/%EC%95%84%ED%94%8C_%EC%A0%95%EB%8F%84%EB%A1%9C_%EA%B7%B8%EB%8C%80%EA%B0%80_%EB%84%98%EC%B9%98%EA%B3%A0_%EC%9E%88%EC%96%B4,good
https://ko.wikipedia.org/wiki/2022%EB%85%84_%EB%8F%99%EA%B3%84_%EC%98%AC%EB%A6%BC%ED%94%BD_%EC%9D%B4%EB%9E%80_%EC%84%A0%EC%88%98%EB%8B%A8,good
https://ko.wikipedia.org/wiki/%ED%8D%BC%EB%A5%B4%EB%A9%94%ED%8A%B8,good
https://ko.wikipedia.org/wiki/%EB%8B%88%EC%8A%A4%EC%9D%98_%EC%86%8C%EB%85%80,good
https://ko.wikipedia.org/wiki/%EC%98%A4%EC%A7%80%EC%B9%B4%EC%A0%95,good
https://ko.wikipedia.org/wiki/%EA%B0%80%EB%A6%AC%EC%84%AC,good
https://ko.wikipedia.org/wiki/FIDE_%ED%83%80%EC%9D%B4%ED%8B%80,good
https://ko.wikipedia.org/wiki/%EC%98%A4%EC%95%BC%EC%B9%98%EC%97%AD_(%EB%AF%B8%EC%97%90%ED%98%84),good
https://ko.wikipedia.org/wiki/%EC%9C%84%ED%82%A4%EB%B0%B1%EA%B3%BC_%EA%B4%80%EB%A6%AC%EC%9E%90,good
https://ko.wikipedia.org/wiki/%ED%9E%88%EB%9D%BC%ED%83%80_%EC%95%84%EC%93%B0%ED%83%80%EB%84%A4,good
https://ko.wikipedia.org/wiki/%EC%88%98%EC%A0%95%EC%B2%B4,good
https://ko.wikipedia.org/wiki/%ED%8E%98%ED%8A%B8%EB%A1%9C%EB%82%98%EC%8A%A4_%ED%8A%B8%EC%9C%88_%ED%83%80%EC%9B%8C,good
https://ko.wikipedia.org/wiki/%EC%9D%B4%ED%99%A9%ED%99%94%EB%AC%BC,good
https://ko.wikipedia.org/wiki/%ED%9A%A1%EC%84%B1%EC%9D%8D,good
https://ko.wikipedia.org/wiki/%ED%97%A4%EB%A6%AC%ED%8A%B8_%EB%A6%AC%ED%8A%B8%ED%8E%A0%ED%8A%B8_%EC%95%84%EC%B9%B4%EB%8D%B0%EB%AF%B8,good
https://ko.wikipedia.org/wiki/%EB%B0%9C%EC%B9%B8%ED%99%94,good
https://ko.wikipedia.org/wiki/%EB%B6%84%EC%88%98%EA%B3%84,good
https://ko.wikipedia.org/wiki/MAKE_UP_(%EB%8B%88%EC%8B%9C%EB%85%B8_%EC%B9%B4%EB%82%98%EC%9D%98_%EB%85%B8%EB%9E%98),good
https://ko.wikipedia.org/wiki/%EB%AF%B8%ED%95%98%EC%9D%BC%EB%A1%9C_%ED%8F%AC%EB%A9%98%EC%BD%94,good
https://ko.wikipedia.org/wiki/%EB%A3%A8%ED%94%BC%EC%95%84_%EB%B0%98%EB%8B%A4,good
https://ko.wikipedia.org/wiki/%ED%8F%B0_(%EC%B2%B4%EC%8A%A4),good
https://ko.wikipedia.org/wiki/1874%EB%85%84_4%EC%9B%94_16%EC%9D%BC_%EC%9D%BC%EC%8B%9D,good
https://ko.wikipedia.org/wiki/%EA%B0%84%EB%85%BC%EC%A7%80%EC%97%AD,good
https://ko.wikipedia.org/wiki/%ED%8E%98%EB%A5%B4%EB%94%94%EB%82%9C%ED%8A%B8_%EB%B0%94%EC%9D%B4%EC%96%B4,good
https://ko.wikipedia.org/wiki/%ED%99%8D%EC%84%B1%EC%97%AD,good
https://ko.wikipedia.org/wiki/%ED%85%8C%EB%84%A4%EC%8B%9C_%ED%83%80%EC%9D%B4%ED%83%84%EC%8A%A4,good
https://ko.wikipedia.org/wiki/666,good
https://ko.wikipedia.org/wiki/%ED%95%9C%EC%8A%A4%EC%9A%94%EC%95%84%ED%9E%98_%EB%A7%88%EB%A5%B4%EC%84%B8%EC%9D%B4,good
https://ko.wikipedia.org/wiki/%EB%A1%9C%EB%A6%AC_%EA%B0%A4%EB%9F%AC%EA%B1%B0,good
https://ko.wikipedia.org/wiki/%EB%8D%94%ED%8B%B0_%EC%89%90%EC%9E%84,good
https://ko.wikipedia.org/wiki/%EC%8A%A4%ED%8A%B8%EB%9D%BC%EC%BD%94%EB%8B%88%EC%B2%B4%EA%B5%AC,good
https://ko.wikipedia.org/wiki/%EC%BA%98%EB%B9%88_%EC%BF%A8%EB%A6%AC%EC%A7%80,good
https://ko.wikipedia.org/wiki/%EB%B0%9C%EB%A0%8C%ED%8B%B0%EB%88%84_%EB%9D%BC%EC%9E%90%EB%A3%A8,good
https://ko.wikipedia.org/wiki/XPDL,good
https://ko.wikipedia.org/wiki/D._F._%EB%A7%90%EB%9E%80,good
https://ko.wikipedia.org/wiki/%EC%9C%A4%EB%A6%AC%ED%98%95%EC%9D%B4%EC%83%81%ED%95%99_%EC%A0%95%EC%B4%88,good
https://ko.wikipedia.org/wiki/%EC%A0%9C1%ED%98%95_%EB%8B%B9%EB%87%A8%EB%B3%91,good
https://ko.wikipedia.org/wiki/Garth_Brooks_(%EC%9D%8C%EB%B0%98),good
https://ko.wikipedia.org/wiki/%EC%9C%84%EB%A6%AC%EC%A7%84,good
https://ko.wikipedia.org/wiki/%EB%B0%94%EB%B3%B4%EB%A5%B4%EB%9D%BC_%EC%84%B8%EC%9D%B4%EB%93%A4%EB%A1%9C%EB%B0%94,good
https://ko.wikipedia.org/wiki/%EB%85%B8%ED%82%A4%EC%95%84_%EB%A3%A8%EB%AF%B8%EC%95%84_900,good
https://ko.wikipedia.org/wiki/%EC%99%80%ED%83%80%EB%82%98%EB%B2%A0_%EA%B5%AC%EB%8B%88%ED%9E%88%EC%BD%94_(%EA%B2%BD%EB%A7%88%EC%9D%B8),good
https://ko.wikipedia.org/wiki/1919%EB%85%84_%EC%9D%B4%EC%A7%91%ED%8A%B8_%ED%98%81%EB%AA%85,good
https://ko.wikipedia.org/wiki/%EC%88%98%EC%9B%90%EC%99%B8%EA%B5%AD%EC%96%B4%EA%B3%A0%EB%93%B1%ED%95%99%EA%B5%90,good
https://ko.wikipedia.org/wiki/%EB%8C%80%EC%95%BC%EB%AF%B8%EC%97%AD,good
https://ko.wikipedia.org/wiki/1875%EB%85%84_%EC%82%B4%EB%A1%B1,good
https://ko.wikipedia.org/wiki/%EC%B9%B4%EC%8A%A4%ED%85%94%EC%B9%98%EB%B9%84%ED%83%80,good
https://ko.wikipedia.org/wiki/%EC%95%88%ED%8B%B0%EC%98%A4%ED%82%A4%EC%95%84_%EA%B3%B5%EB%B0%A9%EC%A0%84,good
https://ko.wikipedia.org/wiki/%EC%8B%9C%EA%B8%B0%EC%A6%88%EB%AC%B8%ED%8A%B8_%ED%81%AC%EB%A5%B4%EC%A7%80%EC%9E%90%EB%86%89%EC%8A%A4%ED%82%A4,good
https://ko.wikipedia.org/wiki/%EC%84%B1%EA%B5%90,good
https://ko.wikipedia.org/wiki/%EB%B0%94%EC%9D%B4%EC%97%90%EB%A5%B8_%EC%82%B0%EB%A1%9D%EC%A7%80%EB%8C%80,good
https://ko.wikipedia.org/wiki/Arena_(%EC%95%84%EC%8B%9C%EC%95%84%EC%9D%98_%EC%9D%8C%EB%B0%98),good
https://ko.wikipedia.org/wiki/%EC%88%98%EC%84%B1%EA%B3%A0%EB%93%B1%ED%95%99%EA%B5%90_(%EB%8C%80%EA%B5%AC),good
https://ko.wikipedia.org/wiki/%EC%9D%B8%EA%B7%B8%EB%9D%BC_%EB%A6%AC%EB%B2%A0%EB%9D%BC%ED%86%A0,good
https://ko.wikipedia.org/wiki/%ED%8E%98%EB%A3%A8%EC%B4%88_%EB%B0%9C%EC%B9%B4%EB%A0%88%EC%A7%80,good
https://ko.wikipedia.org/wiki/%EC%9E%A5%EB%A1%80,good
https://ko.wikipedia.org/wiki/%EC%B9%B4%EC%9D%B4%EC%BC%80_%EB%AA%A8%EB%A0%88%EB%85%B8_%EC%A7%80_%EC%95%88%EB%93%9C%EB%9D%BC%EC%A7%80_%ED%98%B8%EB%93%9C%EB%A6%AC%EA%B8%B0%EC%8A%A4,good
https://ko.wikipedia.org/wiki/%EA%B3%A8%EB%93%A0_%EC%8A%AC%EB%9F%BC%EB%B2%84_(2018%EB%85%84_%EC%98%81%ED%99%94),good
https://ko.wikipedia.org/wiki/%EC%9E%A5%EC%B6%A9%EB%8F%99,good
https://ko.wikipedia.org/wiki/%ED%83%88%EC%B6%9C_%EC%86%8D%EB%8F%84,good
https://ko.wikipedia.org/wiki/%EC%B2%AD%EB%8F%99%EA%B8%B0_%EC%8B%9C%EB%8C%80,good
https://ko.wikipedia.org/wiki/%EC%9E%90%EC%9C%A8_%EA%B0%90%EA%B0%81_%EC%BE%8C%EB%9D%BD_%EB%B0%98%EC%9D%91,good
https://ko.wikipedia.org/wiki/%EC%B4%88%EC%9D%8C%ED%8C%8C,good
https://ko.wikipedia.org/wiki/%EB%8B%A8%EB%B0%B1%EC%A7%88_%EA%B5%AC%EC%A1%B0_%EC%98%88%EC%B8%A1,good
https://ko.wikipedia.org/wiki/%EB%B3%B4%EC%95%BC%EB%A5%B4_%EC%9A%94%EC%83%88,good
https://ko.wikipedia.org/wiki/%EB%8B%88%EC%8B%9C%ED%85%8C%EC%93%B0%EA%B8%B4%EC%8A%A4%EC%9D%B4%EC%97%AD,good
https://ko.wikipedia.org/wiki/%ED%82%A4%EC%9A%B0%EB%A5%B4%EC%B9%BC%EB%A6%AC%EB%AC%BC%EB%A3%A8%EC%8A%A4,good
https://ko.wikipedia.org/wiki/%EC%95%84%EB%AF%B8%EA%B0%80,good
https://ko.wikipedia.org/wiki/%EC%97%90%EB%84%88%EC%A7%80_%EC%A4%80%EC%9C%84,good
https://ko.wikipedia.org/wiki/%EB%8C%80%EA%B5%AC%EC%A7%84%EC%9B%94%EC%B4%88%EB%93%B1%ED%95%99%EA%B5%90,good
https://ko.wikipedia.org/wiki/%EA%B7%B8%EB%A0%89_%EB%B2%A0%EC%96%B4,good
https://ko.wikipedia.org/wiki/%ED%9E%88%EA%B5%AC%EB%9D%BC%EC%8B%9C_%EC%B9%B4%EA%B3%A0%EB%A9%94,good
https://ko.wikipedia.org/wiki/%EC%9E%AD_%ED%94%84%EB%A1%9C%EC%8A%A4%ED%8A%B8_(1998%EB%85%84_%EC%98%81%ED%99%94),good
https://ko.wikipedia.org/wiki/%EC%97%90%EC%9C%84%EB%B9%88%EB%93%9C_%EC%9A%98%EC%86%90,good
https://ko.wikipedia.org/wiki/The_Doors_(%EC%9D%8C%EB%B0%98),good
https://ko.wikipedia.org/wiki/%EC%98%A4%EC%97%B0%EC%A7%80,good
https://ko.wikipedia.org/wiki/%EA%B8%B0%ED%83%80%ED%95%98%EB%A7%88%EC%97%AD_(%ED%99%8B%EC%B9%B4%EC%9D%B4%EB%8F%84),good
https://ko.wikipedia.org/wiki/%EC%9A%94%EB%B9%84%EC%BD%94%EB%AF%B8%EA%B5%B0,good
https://ko.wikipedia.org/wiki/%EB%B8%8C%EB%A0%9B_%EB%A1%9C%EB%A6%AC,good
https://ko.wikipedia.org/wiki/%EA%B8%B0%ED%83%80%EC%9A%B0%EB%9D%BC%EC%97%AD_(%EB%AF%B8%EC%95%BC%EA%B8%B0%ED%98%84),good
https://ko.wikipedia.org/wiki/%EB%82%98%EB%A3%A8%ED%86%A0,good
https://ko.wikipedia.org/wiki/%EC%95%84%EB%AF%B8%EB%A5%B4_%ED%94%84%EB%88%84%EC%97%98%EB%A6%AC,good
https://ko.wikipedia.org/wiki/2024%EB%85%84_%EA%B5%AD%ED%99%94%EC%83%81,good
https://ko.wikipedia.org/wiki/%EC%A0%84%EC%83%81%ED%9B%88_(1989%EB%85%84),good
https://ko.wikipedia.org/wiki/%ED%99%8D%EC%B9%B4%EB%8B%88%EC%97%90%EB%AF%B8_%EC%A0%84%ED%88%AC,good
https://ko.wikipedia.org/wiki/%EB%AF%B8%EB%8B%88%EC%96%B4%EC%B2%98_%EC%8A%88%EB%82%98%EC%9A%B0%EC%A0%80,good
https://ko.wikipedia.org/wiki/%EB%B8%8C%EB%A6%AC%EA%B8%B0%ED%85%8C%EB%82%98%EC%9A%B0,good
https://ko.wikipedia.org/wiki/%EC%BC%80%ED%86%A4%EC%82%B0%EC%A6%9D,good
https://ko.wikipedia.org/wiki/%EB%8B%AC%EA%B0%95%EC%96%B4,good
https://ko.wikipedia.org/wiki/%ED%86%B0_%ED%9E%89%EC%8A%A4,good
https://ko.wikipedia.org/wiki/%EB%8B%90%EC%8A%A4_%EC%95%85%EC%85%80%EC%86%90,good
https://ko.wikipedia.org/wiki/%EB%A6%AC_%EC%9D%B8%EC%A2%85,good
https://ko.wikipedia.org/wiki/%EC%95%BC%EB%A7%B9%EC%A6%9D,good
https://ko.wikipedia.org/wiki/%EA%B2%BD%EC%83%81%EB%B6%81%EB%8F%84%EC%98%88%EC%B2%9C%EA%B5%90%EC%9C%A1%EC%A7%80%EC%9B%90%EC%B2%AD,good
https://ko.wikipedia.org/wiki/%EC%A1%B0%EC%A7%80%ED%94%84_L._%EA%B3%A8%EB%93%9C%EC%8A%A4%ED%83%80%EC%9D%B8,good
https://ko.wikipedia.org/wiki/13DDX,good
https://ko.wikipedia.org/wiki/%EB%82%A8%EC%95%84%ED%94%84%EB%A6%AC%EC%B9%B4_%EA%B3%B5%ED%99%94%EA%B5%AD%EC%9D%98_%EC%84%B8%EA%B3%84%EC%9C%A0%EC%82%B0,good
https://ko.wikipedia.org/wiki/%EC%82%B0%EA%B3%A1%EC%97%AC%EC%9E%90%EC%A4%91%ED%95%99%EA%B5%90,good
https://ko.wikipedia.org/wiki/%EC%95%84%ED%95%98%EC%9A%B0,good
https://ko.wikipedia.org/wiki/%EC%9D%80%EA%B3%A8%EB%A1%9C_%EC%BA%89%ED%85%8C,good
https://ko.wikipedia.org/wiki/%EB%B2%A0%EB%A5%B4%EB%8B%88%EB%82%98_%EC%88%98%EC%98%A4%ED%8A%B8%EC%97%AD,good
https://ko.wikipedia.org/wiki/%EB%82%98%EB%9D%BC_%EA%B3%B5%EC%9B%90,good
https://ko.wikipedia.org/wiki/%EC%9D%B4%EB%B2%84%EB%A9%95%ED%8B%B4,good
https://ko.wikipedia.org/wiki/%EC%9E%90%EB%A6%AC%EC%95%84,good
https://ko.wikipedia.org/wiki/%EC%98%A4%EC%95%BC%EB%A7%88_%EC%9D%B4%EC%99%80%EC%98%A4,good
https://ko.wikipedia.org/wiki/%EC%99%95%EC%A7%95_(%EB%B0%B0%EC%9A%B0),good
https://ko.wikipedia.org/wiki/%EB%A7%AC%EC%BB%B4_%EB%A7%A4%ED%81%B4%EB%A0%88%EC%9D%B8,good
https://ko.wikipedia.org/wiki/%EB%B6%88%EB%A9%B4%EC%A6%9D,good
https://ko.wikipedia.org/wiki/%EC%84%9C%EC%9A%B8%EB%85%B9%EB%B2%88%EC%B4%88%EB%93%B1%ED%95%99%EA%B5%90,good
https://ko.wikipedia.org/wiki/%ED%94%84%EB%9D%BC%EB%8D%94-%EB%B9%8C%EB%A6%AC_%EC%A6%9D%ED%9B%84%EA%B5%B0,good
https://ko.wikipedia.org/wiki/%EC%95%99%EA%B3%A8%EB%9D%BC%EC%BD%9C%EB%A1%9C%EB%B6%80%EC%8A%A4,good
https://ko.wikipedia.org/wiki/%EB%A1%B1%EC%BD%94%EC%B2%B4,good
https://ko.wikipedia.org/wiki/Last_Concert_in_Japan,good
https://ko.wikipedia.org/wiki/%EC%86%A1%ED%8C%8C%EA%B5%AC,good
https://ko.wikipedia.org/wiki/%EA%B0%80%EB%A3%A8%EB%9D%BC,good
https://ko.wikipedia.org/wiki/%EB%A7%88%EC%9D%B4%ED%81%B4_%EC%A1%B4%EC%8A%A8_(%EC%9C%A1%EC%83%81_%EC%84%A0%EC%88%98),good
https://ko.wikipedia.org/wiki/%EB%B2%A0%EB%A5%B4%ED%8A%B8%EB%9E%91_%EB%A7%88%EC%9D%B4%EC%96%B4,good
https://ko.wikipedia.org/wiki/%EB%8C%80%EB%89%B4%EC%96%BC_%ED%95%98%EC%9A%B0%EC%8A%A4_%EC%A3%BC%EB%8B%88%EC%96%B4,good
https://ko.wikipedia.org/wiki/%EC%97%90%EB%8F%84_%EC%B9%B4%EC%98%98%EB%B2%A0,good
https://ko.wikipedia.org/wiki/%EA%B5%90%ED%99%A9_%EC%97%90%EC%9A%B0%EC%A0%9C%EB%8B%88%EC%98%A4_1%EC%84%B8,good
https://ko.wikipedia.org/wiki/Live_in_Cook_County_Jail,good
https://ko.wikipedia.org/wiki/%EC%85%B8%EB%A6%AC_%EB%A7%A8,good
https://ko.wikipedia.org/wiki/%EC%B6%A9%EC%A3%BC_%EA%B9%80%EC%84%B8%EB%A0%B4_%EB%AC%98%EC%86%8C,good
https://ko.wikipedia.org/wiki/%EB%A7%88%EC%9D%B4%ED%81%B4_%ED%8A%B8%EB%A0%88%EB%B9%84%EB%85%B8,good
https://ko.wikipedia.org/wiki/%EC%95%84%EB%A5%BC,good
https://ko.wikipedia.org/wiki/%EC%B9%B4%ED%85%8C%EB%A6%AC%EB%82%98_%EC%8A%A4%ED%85%8C%ED%8C%8C%EB%8B%88%EB%94%94,good
https://ko.wikipedia.org/wiki/%EB%8B%A4%EC%BC%80%EC%9A%B0%EC%B9%98_%EB%82%98%EC%93%B0%ED%82%A4,good
https://ko.wikipedia.org/wiki/%EC%95%A0%ED%8B%80%EB%9E%9C%ED%8B%B1%EB%B9%84%EC%B9%98_(%EB%85%B8%EC%8A%A4%EC%BA%90%EB%A1%A4%EB%9D%BC%EC%9D%B4%EB%82%98%EC%A3%BC),good
https://ko.wikipedia.org/wiki/%ED%86%B0_%EB%88%84%EB%84%8C,good
https://ko.wikipedia.org/wiki/%EC%95%84%EB%84%AC%EB%A6%AC_%EB%AF%B8%EC%88%A0%EA%B4%80,good
https://ko.wikipedia.org/wiki/%EB%8C%80%ED%95%9C%EB%AF%BC%EA%B5%AD-%EC%BD%A9%EA%B3%A0_%EB%AF%BC%EC%A3%BC_%EA%B3%B5%ED%99%94%EA%B5%AD_%EA%B4%80%EA%B3%84,good
https://ko.wikipedia.org/wiki/%EB%AC%B4%EC%B9%B4%EC%9D%B4%EC%95%BC%EB%A7%88%EC%97%AD,good
https://ko.wikipedia.org/wiki/%EC%97%90%EB%A5%BC%EB%9E%91%EA%B2%90,good
https://ko.wikipedia.org/wiki/%EB%8B%A8%EB%A7%90%EA%B8%B0,good
https://ja.wikipedia.org/wiki/%E8%A5%BF%E6%9D%91%E5%B1%8B%E4%B8%8E%E5%85%AB,good
https://ja.wikipedia.org/wiki/%E5%9B%BD%E9%9A%9B%E3%83%84%E3%83%BC%E3%83%AA%E3%83%B3%E3%82%B0%E3%82%AB%E3%83%BC%E9%81%B8%E6%89%8B%E6%A8%A9,good
https://ja.wikipedia.org/wiki/%E3%82%B9%E3%83%9D%E3%83%83%E3%83%86%E3%82%A3%E3%83%B3%E3%82%B0_(%E8%88%AA%E7%A9%BA),good
https://ja.wikipedia.org/wiki/%E3%83%AA%E3%83%83%E3%82%AB%E3%83%AB%E3%83%89%E3%83%BB%E3%82%AB%E3%83%A9%E3%83%95%E3%82%A3%E3%82%AA%E3%83%BC%E3%83%AA,good
https://ja.wikipedia.org/wiki/%E6%9D%B1%E4%BA%AC%E9%83%BD%E6%B0%B4%E9%81%93%E5%B1%80%E5%B0%8F%E6%B2%B3%E5%86%85%E7%B7%9A,good
https://ja.wikipedia.org/wiki/%E3%83%88%E3%83%A8%E3%82%BF%E3%82%A8%E3%83%8A%E3%82%B8%E3%83%BC%E3%82%BD%E3%83%AA%E3%83%A5%E3%83%BC%E3%82%B7%E3%83%A7%E3%83%B3%E3%82%BA,good
https://ja.wikipedia.org/wiki/%E9%95%B7%E8%B0%B7%E5%AE%B6,good
https://ja.wikipedia.org/wiki/%E5%90%BE%E5%A6%BB%E8%AD%A6%E5%AF%9F%E7%BD%B2,good
https://ja.wikipedia.org/wiki/%E8%8A%B1%E6%A3%9A%E5%AD%90%E9%A7%85,good
https://ja.wikipedia.org/wiki/%E5%90%89%E6%9D%91%E4%BC%8A%E5%8A%A9,good
https://ja.wikipedia.org/wiki/%E4%B8%83%E5%A0%B5%E5%8C%BA,good
https://ja.wikipedia.org/wiki/%E8%9D%99%E8%9D%A0%E5%BA%A7_(%E3%82%AD%E3%83%A3%E3%83%90%E3%83%AC%E3%83%BC),good
https://ja.wikipedia.org/wiki/%E5%8A%A0%E8%97%A4%E6%85%8E%E5%A4%AA%E9%83%8E,good
https://ja.wikipedia.org/wiki/NHK%E6%B2%96%E7%B8%84%E6%94%BE%E9%80%81%E5%B1%80,good
https://ja.wikipedia.org/wiki/%E6%B0%B4%E9%83%B7,good
https://ja.wikipedia.org/wiki/%E8%8D%89%E8%96%99%E5%89%A3%E7%9B%97%E9%9B%A3%E4%BA%8B%E4%BB%B6,good
https://ja.wikipedia.org/wiki/%E3%83%88%E3%83%AB%E3%83%8B%E3%82%AA,good
https://ja.wikipedia.org/wiki/%E5%8C%97%E7%81%98%E7%94%BA%E7%B2%9F%E7%94%B0,good
https://ja.wikipedia.org/wiki/%E3%83%A1%E3%82%B9%E3%82%AD%E3%83%BC%E3%83%88_(%E3%83%8D%E3%83%90%E3%83%80%E5%B7%9E),good
https://ja.wikipedia.org/wiki/%E3%83%AD%E3%83%BC%E3%83%89%E3%83%BB%E3%82%AA%E3%83%96%E3%83%BB%E3%82%B6%E3%83%BB%E3%83%AA%E3%83%B3%E3%82%B0%E3%82%B7%E3%83%AA%E3%83%BC%E3%82%BA%E3%81%AE%E5%8F%97%E8%B3%9E%E3%81%A8%E3%83%8E%E3%83%9F%E3%83%8D%E3%83%BC%E3%83%88%E3%81%AE%E4%B8%80%E8%A6%A7,good
https://ja.wikipedia.org/wiki/%E4%BC%8A%E8%B1%86%E5%8C%97%E5%B7%9D%E9%A7%85,good
https://ja.wikipedia.org/wiki/%E3%82%B3%E3%82%B4%E3%83%AC%E3%83%BC%E3%83%88,good
https://ja.wikipedia.org/wiki/%E9%81%93%E3%81%AE%E9%A7%85%E3%82%A4%E3%83%8E%E3%83%96%E3%83%BC%E3%82%BF%E3%83%B3%E3%83%A9%E3%83%B3%E3%83%89%E3%83%BB%E3%81%99%E3%81%95%E3%81%BF,good
https://ja.wikipedia.org/wiki/%E3%82%A2%E3%82%AD%E3%83%90%E3%83%BB%E3%83%88%E3%83%AA%E3%83%A0,good
https://ja.wikipedia.org/wiki/%E5%92%8C%E6%AD%8C%E5%B1%B1%E5%B8%82%E7%AB%8B%E4%BC%8F%E8%99%8E%E7%BE%A9%E5%8B%99%E6%95%99%E8%82%B2%E5%AD%A6%E6%A0%A1,good
https://ja.wikipedia.org/wiki/%E3%82%B5%E3%83%83%E3%82%AB%E3%83%BC%E3%83%99%E3%83%8D%E3%82%BA%E3%82%A8%E3%83%A9%E4%BB%A3%E8%A1%A8,good
https://ja.wikipedia.org/wiki/%E3%81%8A%E3%81%AE%E3%81%88%E3%82%8A%E3%81%93,good
https://ja.wikipedia.org/wiki/%E4%B8%A1%E8%A7%92%E6%A5%AD%E4%BD%9C,good
https://ja.wikipedia.org/wiki/(620094)_2016_AJ193,good
https://ja.wikipedia.org/wiki/%E3%82%A2%E3%83%A9%E3%83%B3%E3%83%BB%E3%83%91%E3%83%BC%E3%82%BD%E3%83%B3%E3%82%BA,good
https://ja.wikipedia.org/wiki/%E4%BA%AC%E6%80%A5%E3%82%B7%E3%83%A7%E3%83%83%E3%83%94%E3%83%B3%E3%82%B0%E3%82%BB%E3%83%B3%E3%82%BF%E3%83%BC,good
https://ja.wikipedia.org/wiki/%E3%83%A2%E3%83%87%E3%83%8A%E7%9C%8C,good
https://ja.wikipedia.org/wiki/%E7%99%BD%E5%9C%9F%E6%B9%96,good
https://ja.wikipedia.org/wiki/%E5%B1%B1%E4%B8%8B%E5%81%A5%E4%BA%8C%E9%83%8E,good
https://ja.wikipedia.org/wiki/%E7%89%A7%E7%94%BA_(%E5%90%8D%E5%8F%A4%E5%B1%8B%E5%B8%82),good
https://ja.wikipedia.org/wiki/%E3%82%B3%E3%83%9F%E5%85%B1%E5%92%8C%E5%9B%BD,good
https://ja.wikipedia.org/wiki/%E5%9D%82%E5%87%BA%E5%B8%82%E7%AB%8B%E7%80%AC%E5%B1%85%E4%B8%AD%E5%AD%A6%E6%A0%A1,good
https://ja.wikipedia.org/wiki/%E8%A5%BF%E3%82%A4%E3%83%B3%E3%83%89%E8%AB%B8%E5%B3%B6,good
https://ja.wikipedia.org/wiki/%E6%9C%A8%E6%B4%A5%E3%82%A4%E3%83%B3%E3%82%BF%E3%83%BC%E3%83%81%E3%82%A7%E3%83%B3%E3%82%B8_(%E4%BA%AC%E9%83%BD%E5%BA%9C),good
https://ja.wikipedia.org/wiki/%E6%98%AF%E6%BE%A4%E6%B6%BC%E8%BC%94,good
https://ja.wikipedia.org/wiki/%E5%8D%97%E5%A4%AA%E5%B9%B3%E6%B4%8B,good
https://ja.wikipedia.org/wiki/%E3%83%91%E3%83%8A%E3%82%BD%E3%83%8B%E3%83%83%E3%82%AF%E3%83%99%E3%83%BC%E3%82%B9%E3%83%9C%E3%83%BC%E3%83%AB%E3%82%B9%E3%82%BF%E3%82%B8%E3%82%A2%E3%83%A0,good
https://ja.wikipedia.org/wiki/%E3%83%9B%E3%82%B9%E3%83%88%E3%83%90%E3%82%B9%E3%82%A2%E3%83%80%E3%83%97%E3%82%BF,good
https://ja.wikipedia.org/wiki/%E6%9D%B1%E6%96%B9%E4%BC%9A,good
https://ja.wikipedia.org/wiki/%E3%82%AB%E3%83%B3%E3%82%BF%E3%83%99%E3%83%AA%E3%83%BC%E5%A4%A7%E5%AD%A6,good
https://ja.wikipedia.org/wiki/%E3%83%B4%E3%82%A1%E3%83%83%E3%83%AD%E3%83%BB%E3%83%88%E3%83%AA%E3%83%8D%E3%83%BC%E3%82%BC,good
https://ja.wikipedia.org/wiki/%E3%83%AC%E3%82%B9%E3%82%BF%E3%83%BC%E3%83%BB%E3%82%AB%E3%83%BC%E3%83%8B%E3%83%BC,good
https://ja.wikipedia.org/wiki/%E3%82%AF%E3%82%BA%E3%83%90%E5%B1%B1,good
https://ja.wikipedia.org/wiki/%E3%83%AF%E3%82%A4%E3%83%89%E3%83%8A%E3%83%BC%E8%A8%98%E5%BF%B5%E5%9B%B3%E6%9B%B8%E9%A4%A8,good
https://ja.wikipedia.org/wiki/%E5%B1%B1%E5%BD%A2%E3%83%91%E3%83%BC%E3%82%AD%E3%83%B3%E3%82%B0%E3%82%A8%E3%83%AA%E3%82%A2,good
https://ja.wikipedia.org/wiki/%E3%83%96%E3%83%AB%E3%83%BC%E3%83%8E%E3%83%BB%E3%83%9A%E3%83%88%E3%82%B3%E3%83%B4%E3%82%A3%E3%83%83%E3%83%81,good
https://ja.wikipedia.org/wiki/%E3%82%B7%E3%83%B3%E3%83%BB%E3%82%BB%E3%82%AE%E3%83%A7%E3%83%B3,good
https://ja.wikipedia.org/wiki/%E8%A5%BF%E9%87%8E%E7%A5%9E%E7%A4%BE,good
https://ja.wikipedia.org/wiki/%E6%98%A5%E6%97%A5%E4%BA%95%E5%B8%82%E7%AB%8B%E8%97%A4%E5%B1%B1%E5%8F%B0%E6%9D%B1%E5%B0%8F%E5%AD%A6%E6%A0%A1,good
https://ja.wikipedia.org/wiki/%E3%83%A1%E3%82%AF%E3%83%AC%E3%83%B3%E3%83%96%E3%83%AB%E3%82%AF%EF%BC%9D%E3%83%95%E3%82%A9%E3%82%A2%E3%83%9D%E3%83%B3%E3%83%A1%E3%83%AB%E3%83%B3_(%E3%83%95%E3%83%AA%E3%82%B2%E3%83%BC%E3%83%88),good
https://ja.wikipedia.org/wiki/%E6%B2%BC%E6%9C%AC%E3%83%80%E3%83%A0,good
https://ja.wikipedia.org/wiki/MOTHER_(%E3%82%B2%E3%83%BC%E3%83%A0),good
https://ja.wikipedia.org/wiki/%E3%83%93%E3%82%BF%E3%83%9F%E3%83%B3E,good
https://ja.wikipedia.org/wiki/%E7%AB%8B%E7%9F%B3%E9%87%8C%E9%A7%85_(%E5%BF%A0%E6%B8%85%E5%8C%97%E9%81%93),good
https://ja.wikipedia.org/wiki/%E6%B2%BC%E5%B4%8E%E6%BA%80%E5%AD%90,good
https://ja.wikipedia.org/wiki/%E4%BA%AC%E9%83%BD%E8%8A%B8%E8%A1%93%E5%A4%A7%E5%AD%A6,good
https://ja.wikipedia.org/wiki/A1_(%E3%83%90%E3%83%B3%E3%83%89),good
https://ja.wikipedia.org/wiki/%E6%B9%98%E5%8D%97%E7%97%85%E9%99%A2,good
https://ja.wikipedia.org/wiki/%E5%8D%97%E9%83%A8%E5%B7%9E_(%E3%82%AB%E3%83%A1%E3%83%AB%E3%83%BC%E3%83%B3),good
https://ja.wikipedia.org/wiki/%E6%AC%A7%E5%B7%9E%E5%8E%9F%E5%AD%90%E6%A0%B8%E7%A0%94%E7%A9%B6%E6%A9%9F%E6%A7%8B,good
https://ja.wikipedia.org/wiki/%E3%82%B9%E3%82%B8%E3%83%A3,good
https://ja.wikipedia.org/wiki/%E9%85%89%E3%81%AE%E5%B8%82,good
https://ja.wikipedia.org/wiki/%E3%82%BF%E3%83%A9%E3%83%AF,good
https://ja.wikipedia.org/wiki/%E5%AE%9A%E8%A6%8F,good
https://ja.wikipedia.org/wiki/%E3%83%91%E3%83%AF%E3%83%BC%E3%83%89%E3%83%BC%E3%83%A0%E5%8D%8A%E7%94%B0,good
https://ja.wikipedia.org/wiki/%E3%82%A8%E3%83%B3%E3%83%84%E3%82%A9%E3%83%BB%E3%83%95%E3%82%A7%E3%83%A9%E3%83%BC%E3%83%AA,good
https://ja.wikipedia.org/wiki/%E6%9D%B1%E4%BA%AC%E9%83%BD%E7%AB%8B%E4%BA%95%E8%8D%89%E9%AB%98%E7%AD%89%E5%AD%A6%E6%A0%A1,good
https://ja.wikipedia.org/wiki/2022%E5%B9%B4%E3%81%AE%E3%83%95%E3%83%B3%E3%82%AC%E3%83%BB%E3%83%88%E3%83%B3%E3%82%AC%E5%99%B4%E7%81%AB,good
https://ja.wikipedia.org/wiki/%E3%83%8A%E3%83%9D%E3%83%AC%E3%82%AA%E3%83%B33%E4%B8%96,good
https://ja.wikipedia.org/wiki/%E3%82%BD%E3%83%B3%E3%82%B0%E3%83%A9%E3%82%A4%E3%83%B3_(%E7%AB%B6%E8%B5%B0%E9%A6%AC),good
https://ja.wikipedia.org/wiki/%E6%9F%B3%E5%AE%97%E5%85%83,good
https://ja.wikipedia.org/wiki/%E3%83%87%E3%82%A3%E3%83%95%E3%82%A7%E3%83%B3%E3%82%B9_(%E5%B0%8F%E8%AA%AC),good
https://ja.wikipedia.org/wiki/%E8%A5%BF%E7%9C%8C,good
https://ja.wikipedia.org/wiki/%E7%99%BD%E9%B3%A5%E7%A5%9E%E7%A4%BE_(%E5%90%9B%E6%B4%A5%E5%B8%82),good
https://ja.wikipedia.org/wiki/%E6%96%B0%E3%83%95%E3%82%A9%E3%83%BC%E3%83%A9%E3%83%A0,good
https://ja.wikipedia.org/wiki/%E6%B4%9E%E6%BA%90%E9%99%A2,good
https://ja.wikipedia.org/wiki/%E4%BF%9D%E5%BF%97%E5%85%89%E4%BF%A1%E4%B8%80,good
https://ja.wikipedia.org/wiki/%E6%9F%B3%E5%8E%9F%E5%AE%B6,good
https://ja.wikipedia.org/wiki/%E3%83%90%E3%82%A4%E3%83%8D%E3%83%83%E3%82%B1%E7%A8%80%E8%A6%AF%E6%9B%B8%E3%83%BB%E6%89%8B%E7%A8%BF%E5%9B%B3%E6%9B%B8%E9%A4%A8,good
https://ja.wikipedia.org/wiki/%E3%83%98%E3%83%B3%E3%83%AA%E3%83%BC2%E4%B8%96_(%E3%82%A4%E3%83%B3%E3%82%B0%E3%83%A9%E3%83%B3%E3%83%89%E7%8E%8B),good
https://ja.wikipedia.org/wiki/%E7%A8%B2%E8%91%89%E5%BB%B6%E9%9B%84,good
https://ja.wikipedia.org/wiki/%E3%82%A2%E3%83%AC%E3%82%AF%E3%82%B5%E3%83%B3%E3%83%89%E3%83%AB%E3%83%BB%E3%83%9C%E3%83%81%E3%83%A3%E3%83%AD%E3%83%95,good
https://ja.wikipedia.org/wiki/%E3%83%9D%E3%82%B1%E3%83%A2%E3%83%B3%E3%82%AB%E3%83%BC,good
https://ja.wikipedia.org/wiki/%E5%A4%9A%E8%89%AF%E9%A7%85_(%E5%8F%B0%E6%9D%B1%E7%9C%8C),good
https://ja.wikipedia.org/wiki/%E5%88%86,good
https://ja.wikipedia.org/wiki/%E5%AE%AE%E6%9C%AC%E8%A3%95%E5%8F%B8,good
https://ja.wikipedia.org/wiki/2019%E5%B9%B4%E3%82%B9%E3%82%B1%E3%83%BC%E3%83%88%E3%82%AB%E3%83%8A%E3%83%80,good
https://ja.wikipedia.org/wiki/%E9%87%8C%E5%BA%84%E9%83%B5%E4%BE%BF%E5%B1%80,good
https://ja.wikipedia.org/wiki/COMMAND.COM,good
https://ja.wikipedia.org/wiki/%E3%83%95%E3%82%A9%E3%83%BC%E3%83%89%E3%83%BB%E3%83%88%E3%83%AA%E3%83%8E,good
https://ja.wikipedia.org/wiki/%E7%A6%8F%E5%B2%A1%E7%9C%8C%E7%AB%8B%E5%85%AB%E5%B9%A1%E9%AB%98%E7%AD%89%E5%AD%A6%E6%A0%A1,good
https://ja.wikipedia.org/wiki/%E3%83%AA%E3%83%B4%E3%82%A3%E3%82%A6%E3%83%BB%E3%83%A2%E3%83%BC%E3%83%84%E3%82%A1%E3%83%AB%E3%83%88%E9%9F%B3%E6%A5%BD%E7%A5%AD,good
https://ja.wikipedia.org/wiki/%E4%B8%AD%E9%87%8E%E5%B1%B1%E7%8E%8B,good
https://ja.wikipedia.org/wiki/%E3%83%94%E3%83%A9%E3%83%B3%E3%82%B4%E3%83%BC%E9%80%9A%E3%82%8A%E9%A7%85,good
https://ja.wikipedia.org/wiki/%E3%83%8D%E3%83%96%E3%83%A9%E3%82%B9%E3%82%AB%E3%83%BB%E3%82%B3%E3%83%BC%E3%83%B3%E3%83%8F%E3%82%B9%E3%82%AB%E3%83%BC%E3%82%BA,good
https://ja.wikipedia.org/wiki/%E7%A5%9E%E5%AE%AE%E5%AF%BA_(%E4%B8%89%E9%87%8D%E7%9C%8C%E5%A4%9A%E6%B0%97%E7%94%BA),good
https://ja.wikipedia.org/wiki/%E6%B8%A1%E8%BE%BA%E7%9C%81%E4%BA%AD,good
https://ja.wikipedia.org/wiki/%E3%83%9E%E3%83%8C%E3%82%A8%E3%83%AB%E3%83%BB%E3%83%94%E3%83%B3%E3%83%88%E3%83%BB%E3%83%80%E3%83%BB%E3%82%B3%E3%82%B9%E3%82%BF,good
https://ja.wikipedia.org/wiki/%E8%82%A5%E8%96%A9%E3%81%8A%E3%82%8C%E3%82%93%E3%81%98%E9%89%84%E9%81%93%E7%B7%9A,good
https://ja.wikipedia.org/wiki/%E3%82%AB%E3%82%B5%E3%83%BB%E3%83%B4%E3%82%A9%E3%83%A4%E3%82%B8%E3%83%A3%E3%83%BC%E9%A7%85,good
https://ja.wikipedia.org/wiki/%E6%9C%AC%E7%94%BA%E9%80%9A_(%E4%BA%AC%E9%83%BD%E5%B8%82),good
https://ja.wikipedia.org/wiki/%E6%B3%95%E5%85%89%E5%AF%BA_(%E3%81%95%E3%81%84%E3%81%9F%E3%81%BE%E5%B8%82),good
https://ja.wikipedia.org/wiki/%E5%A4%A7%E9%9F%93%E8%88%AA%E7%A9%BA801%E4%BE%BF%E5%A2%9C%E8%90%BD%E4%BA%8B%E6%95%85,good
https://ja.wikipedia.org/wiki/%E5%BE%B3%E5%B7%9E%E6%89%92%E9%B6%8F,good
https://ja.wikipedia.org/wiki/%E5%8B%BF%E5%90%89,good
https://ja.wikipedia.org/wiki/%E3%82%A8%E3%83%B3%E3%82%B8%E3%82%A7%E3%83%AB%E3%83%BB%E3%82%A6%E3%82%A3%E3%83%83%E3%83%81,good
https://ja.wikipedia.org/wiki/%E7%9F%B3%E5%9E%A3%E5%B3%B6%E5%9C%B0%E6%96%B9%E6%B0%97%E8%B1%A1%E5%8F%B0,good
https://ja.wikipedia.org/wiki/%E4%B8%8A%E9%87%8E%E5%85%AC%E6%88%90,good
https://ja.wikipedia.org/wiki/%E5%AE%89%E7%A6%8F%E5%AF%BA_(%E4%BD%90%E8%B3%80%E7%9C%8C%E7%99%BD%E7%9F%B3%E7%94%BA),good
https://ja.wikipedia.org/wiki/%E5%8C%97%E4%BA%AC%E5%9C%B0%E4%B8%8B%E9%89%8414%E5%8F%B7%E7%B7%9A,good
https://ja.wikipedia.org/wiki/%E3%83%99%E3%83%B3%E3%82%B8%E3%83%A3%E3%83%9F%E3%83%B3%E3%83%BB%E3%83%90%E3%83%BC%E3%83%B3%E3%83%AA%E3%83%BC,good
https://ja.wikipedia.org/wiki/%E3%83%87%E3%83%83%E3%82%B2%E3%83%B3%E3%83%89%E3%83%AB%E3%83%95%E9%83%A1,good
https://ja.wikipedia.org/wiki/%E9%87%8E%E7%94%B0%E5%85%AB%E5%B9%A1%E5%AE%AE,good
https://ja.wikipedia.org/wiki/%E3%83%89%E3%82%A4%E3%83%84%E3%81%AE%E5%9B%BD%E7%AB%A0,good
https://ja.wikipedia.org/wiki/%E3%82%B5%E3%83%B3%E3%82%B9%E3%82%BF%E3%83%BC,good
https://ja.wikipedia.org/wiki/%E5%AF%BE%E6%BD%9C%E3%83%9F%E3%82%B5%E3%82%A4%E3%83%AB,good
https://ja.wikipedia.org/wiki/%E4%B8%8B%E5%B8%82%E7%94%BA,good
https://ja.wikipedia.org/wiki/%E3%82%A2%E3%83%95%E3%82%AC%E3%83%8B%E3%82%B9%E3%82%BF%E3%83%B3%E6%9D%B1%E9%83%A8%E5%9C%B0%E9%9C%87,good
https://ja.wikipedia.org/wiki/%E5%B0%8F%E5%9F%8E%E5%B8%82,good
https://ja.wikipedia.org/wiki/%E6%B3%A2%E4%BD%90%E8%A6%8B%E7%94%BA%E7%AB%8B%E6%B3%A2%E4%BD%90%E8%A6%8B%E4%B8%AD%E5%AD%A6%E6%A0%A1,good
https://ja.wikipedia.org/wiki/%E3%83%A6%E3%82%BC%E3%83%AB%E3%82%B7%E3%83%A5,good
https://ja.wikipedia.org/wiki/%E7%AB%8B%E7%94%BA_(%E4%BB%99%E5%8F%B0%E5%B8%82),good
https://ja.wikipedia.org/wiki/%E6%A8%AA%E5%A0%A4%E9%A7%85,good
https://ja.wikipedia.org/wiki/%E7%A3%AF%E9%87%8E%E5%93%A1%E6%98%8C,good
https://ja.wikipedia.org/wiki/%E3%83%8E%E3%83%BC%E3%82%A6%E3%82%A9%E3%83%BC%E3%82%AF_(%E3%82%B3%E3%83%8D%E3%83%81%E3%82%AB%E3%83%83%E3%83%88%E5%B7%9E),good
https://ja.wikipedia.org/wiki/%E3%82%AD%E3%83%A9%E3%83%BB%E3%82%B5%E3%83%9E%E3%83%BC,good
https://ja.wikipedia.org/wiki/%E9%95%B7%E5%BC%93%E5%AF%BA,good
https://ja.wikipedia.org/wiki/%E3%83%8E%E3%83%BC%E3%82%B9%E3%83%BB%E3%82%A6%E3%82%A7%E3%82%B9%E3%82%BF%E3%83%B3%E9%89%84%E9%81%93_(%E3%82%A4%E3%82%AE%E3%83%AA%E3%82%B9%E9%A0%98%E3%82%A4%E3%83%B3%E3%83%89%E5%B8%9D%E5%9B%BD),good
https://ja.wikipedia.org/wiki/%E3%83%80%E3%82%AF%E3%83%86%E3%82%A3%E3%83%AA%E3%82%AA%E3%82%BB%E3%83%A9%E3%82%B9%E4%BA%9C%E7%A7%91,good
https://ja.wikipedia.org/wiki/%E9%AB%98%E6%B0%97%E5%9C%A7%E4%BD%9C%E6%A5%AD%E5%AE%89%E5%85%A8%E8%A1%9B%E7%94%9F%E8%A6%8F%E5%89%87,good
https://ja.wikipedia.org/wiki/%E6%9F%B3%E7%80%AC%E6%98%8E%E5%AE%8F,good
https://ja.wikipedia.org/wiki/%E3%83%9E%E3%83%AA%E3%83%B3%E9%83%A1_(%E3%82%AB%E3%83%AA%E3%83%95%E3%82%A9%E3%83%AB%E3%83%8B%E3%82%A2%E5%B7%9E),good
https://ja.wikipedia.org/wiki/%E3%83%89%E3%83%A0%E3%82%B9%E3%83%BB%E3%83%95%E3%83%A9%E3%82%A6%E3%82%A3%E3%82%A2,good
https://ja.wikipedia.org/wiki/%E3%83%A2%E3%83%8A%E3%83%8F%E3%83%B3_(DD-354),good
https://ja.wikipedia.org/wiki/%E6%9D%B1%E7%99%BD%E5%B7%9D%E6%9D%91,good
https://ja.wikipedia.org/wiki/%E6%98%A5%E6%97%A5%E7%A5%9E%E7%A4%BE_(%E4%B8%B9%E6%B3%A2%E7%AF%A0%E5%B1%B1%E5%B8%82),good
https://ja.wikipedia.org/wiki/%E9%9D%99%E5%B2%A1%E7%9C%8C%E7%AB%8B%E6%B5%9C%E6%9D%BE%E5%95%86%E6%A5%AD%E9%AB%98%E7%AD%89%E5%AD%A6%E6%A0%A1,good
https://ja.wikipedia.org/wiki/%E5%AF%8C%E5%B1%B1%E5%B8%82%E7%AB%8B%E6%9D%B1%E9%83%A8%E4%B8%AD%E5%AD%A6%E6%A0%A1,good
https://ja.wikipedia.org/wiki/%E3%82%A2%E3%83%88%E3%82%B5%E3%83%8C%E3%83%97%E3%83%AA,good
https://ja.wikipedia.org/wiki/Re%3AAcT,good
https://ja.wikipedia.org/wiki/%E8%A5%BF%E5%AE%AE%E5%B8%82%E7%AB%8B%E5%A4%99%E5%B7%9D%E5%B0%8F%E5%AD%A6%E6%A0%A1,good
https://ja.wikipedia.org/wiki/%E3%83%A2%E3%83%B3%E3%83%80%E3%83%AA%E3%82%B9%EF%BC%9D%E3%83%90%E3%83%AB%E3%83%8D%E3%82%A2%E3%83%AA%E3%82%AA,good
https://ja.wikipedia.org/wiki/%E9%A2%A8%E6%99%AF%E3%81%AE%E4%B8%AD%E3%81%AE%E8%81%96%E5%AE%B6%E6%97%8F%E3%81%A8%E5%B9%BC%E5%85%90%E6%B4%97%E7%A4%BC%E8%80%85%E8%81%96%E3%83%A8%E3%83%8F%E3%83%8D%E3%80%81%E8%81%96%E3%82%A8%E3%83%AA%E3%82%B5%E3%83%99%E3%83%88,good
https://ja.wikipedia.org/wiki/%E3%83%87%E3%82%A3%E3%83%93%E3%83%83%E3%83%89%E3%82%BD%E3%83%B3%E7%B4%94%E3%83%9E%E3%83%BC%E3%82%AB%E3%82%B9,good
https://ja.wikipedia.org/wiki/%E3%83%9A%E3%83%AB%E3%82%B7%E3%82%A2%E6%88%A6%E4%BA%89,good
https://ja.wikipedia.org/wiki/%E3%82%AD%E3%83%BC%E3%83%A9%E3%83%B3%E3%83%BB%E3%83%9E%E3%83%83%E3%82%B1%E3%83%8A,good
https://ja.wikipedia.org/wiki/Channel_Us_2025_at_%E6%9D%B1%E4%BA%AC%E4%BD%93%E8%82%B2%E9%A4%A8,good
https://ja.wikipedia.org/wiki/%E8%8C%85%E9%87%8E%E9%A7%85,good
https://ja.wikipedia.org/wiki/%E6%B8%A1%E9%82%8A%E6%99%BA%E6%9A%81,good
https://ja.wikipedia.org/wiki/%E3%83%AA%E3%82%BF%E3%83%BB%E3%82%B5%E3%83%AB%E3%82%AD%E3%82%B7%E3%83%A3%E3%83%B3,good
https://ja.wikipedia.org/wiki/%E3%83%95%E3%83%AD%E3%83%BC%E3%83%AC%E3%82%B9%E6%B5%B7,good
https://ja.wikipedia.org/wiki/%E3%82%AF%E3%83%AA%E3%82%B9%E3%83%BB%E3%83%98%E3%83%A0%E3%82%BA%E3%83%AF%E3%83%BC%E3%82%B9,good
https://ja.wikipedia.org/wiki/%E8%A5%BF%E5%85%83%E7%94%BA%E9%A7%85,good
https://ja.wikipedia.org/wiki/%E3%83%94%E3%82%BE%E3%83%8B%E3%82%A2%E3%83%BC%E3%83%8E,good
https://ja.wikipedia.org/wiki/%E8%83%86%E6%B2%A2%E3%83%80%E3%83%A0,good
https://ja.wikipedia.org/wiki/%E3%83%AB%E3%82%AB%E3%83%BB%E3%83%93%E3%82%B8,good
https://ja.wikipedia.org/wiki/%E5%90%89%E7%94%B0%E5%8F%A3%E9%A7%85,good
https://ja.wikipedia.org/wiki/%E9%A7%84%E3%82%B1%E5%8E%9F%E5%B7%9D,good
https://ja.wikipedia.org/wiki/%E6%97%A5%E6%9E%9D%E7%A5%9E%E7%A4%BE_(%E6%A8%AA%E6%B5%9C%E5%B8%82%E5%8D%97%E5%8C%BA),good
https://ja.wikipedia.org/wiki/%E3%83%95%E3%83%A9%E3%82%A4%E3%83%8F%E3%82%A6%E3%82%B9%E5%8A%87%E5%A0%B4_(%E3%82%A6%E3%82%A3%E3%83%BC%E3%83%B3),good
https://ja.wikipedia.org/wiki/%E3%83%A2%E3%83%A9%E3%82%B5%E3%83%B3%E7%9C%8C,good
https://ja.wikipedia.org/wiki/%E3%83%9E%E3%83%8C%E3%82%A8%E3%83%AB%E3%83%BB%E3%83%8E%E3%82%A4%E3%82%A2%E3%83%BC,good
https://ja.wikipedia.org/wiki/%E3%82%A8%E3%82%B9%E3%83%86%E3%83%AB%E3%82%B4%E3%83%A0,good
https://ja.wikipedia.org/wiki/%E6%A5%A0%E5%B7%9D,good
https://ja.wikipedia.org/wiki/%E3%82%B3%E3%83%AB%E3%83%90%E3%83%BC%E3%83%88%E9%83%A1_(%E3%82%A2%E3%83%A9%E3%83%90%E3%83%9E%E5%B7%9E),good
https://ja.wikipedia.org/wiki/%E9%81%93%E3%81%AE%E9%A7%85%E8%BC%AA%E5%B3%B6,good
https://ja.wikipedia.org/wiki/%E3%83%A6%E3%83%AA%E3%82%B3%E3%82%BF%E3%82%A4%E3%82%AC%E3%83%BC,good
https://ja.wikipedia.org/wiki/%E7%B2%9F%E5%B3%B6_(%E6%96%B0%E6%BD%9F%E7%9C%8C),good
https://ja.wikipedia.org/wiki/%E6%BB%91%E5%B7%9D%E7%94%BA%E7%AB%8B%E6%BB%91%E5%B7%9D%E4%B8%AD%E5%AD%A6%E6%A0%A1,good
https://ja.wikipedia.org/wiki/%E3%82%A8%E3%83%AA%E3%83%BC%E9%83%A1_(%E3%82%AA%E3%83%8F%E3%82%A4%E3%82%AA%E5%B7%9E),good
https://ja.wikipedia.org/wiki/%E4%B8%96%E7%95%8C%E5%B9%B3%E5%92%8C%E8%A8%98%E5%BF%B5%E8%81%96%E5%A0%82,good
https://ja.wikipedia.org/wiki/%E3%83%AA%E3%83%92,good
https://ja.wikipedia.org/wiki/%E5%9C%9F%E4%BF%B5%E7%A5%AD_(%E6%98%A0%E7%94%BB),good
https://ja.wikipedia.org/wiki/%E9%81%93%E3%81%AE%E9%A7%85%E6%9F%BF%E3%81%AE%E9%83%B7%E3%81%8F%E3%81%A9%E3%82%84%E3%81%BE,good
https://ja.wikipedia.org/wiki/%E6%9C%AC%E8%AD%89%E5%AF%BA_(%E6%9D%91%E4%B8%8A%E5%B8%82),good
https://ja.wikipedia.org/wiki/%E3%83%A9%E3%83%B3%E3%83%89%E3%83%BB%E3%83%96%E3%83%AD%E3%82%A6%E3%83%80%E3%83%BC%E5%9B%B3%E8%A1%A8,good
https://ja.wikipedia.org/wiki/%E3%81%AF%E3%81%95%E3%81%BF,good
https://ja.wikipedia.org/wiki/%E3%83%95%E3%82%A1%E3%82%A4%E3%82%A2%E3%83%AA%E3%83%BC%E3%83%BB%E3%82%AF%E3%83%AD%E3%82%B9%E7%A4%81,good
https://ja.wikipedia.org/wiki/%E3%83%9B%E3%83%BC%E3%82%A8%E3%83%B3%E3%83%AD%E3%83%BC%E3%83%80,good
https://ja.wikipedia.org/wiki/%E6%96%B0%E5%AE%BF%E8%A5%BF%E5%8F%A3%E3%83%90%E3%82%B9%E6%94%BE%E7%81%AB%E4%BA%8B%E4%BB%B6,good
https://ja.wikipedia.org/wiki/%E3%82%AB%E3%83%89%E3%83%A2%E3%82%B9,good
https://ja.wikipedia.org/wiki/%E5%8C%97%E6%B5%B7%E9%81%93%E4%BF%A1%E7%94%A8%E9%87%91%E5%BA%AB,good
https://ja.wikipedia.org/wiki/Itanium,good
https://ja.wikipedia.org/wiki/%E3%82%B6%E3%83%BC%E3%83%99%E3%83%83%E3%82%AF,good
https://ja.wikipedia.org/wiki/%E8%8B%A7%E9%98%AA%E7%9B%B4%E8%A1%8C,good
https://ja.wikipedia.org/wiki/%E3%83%94%E3%83%BC%E3%82%BF%E3%83%BC%E3%83%BB%E3%83%88%E3%83%A9%E3%83%B4%E3%82%A1%E3%83%BC%E3%82%B9,good
https://ja.wikipedia.org/wiki/%E5%A6%99%E6%98%8C%E5%AF%BA_(%E8%A5%BF%E6%9D%A1%E5%B8%82),good
https://ja.wikipedia.org/wiki/%E5%9D%8A%E4%B8%AD%E9%83%B5%E4%BE%BF%E5%B1%80,good
https://ja.wikipedia.org/wiki/%E3%82%AB%E3%83%83%E3%83%88%E3%83%BB%E3%83%87%E3%83%8B%E3%83%B3%E3%82%B0%E3%82%B9,good
https://ja.wikipedia.org/wiki/%E3%82%B7%E3%83%A5%E3%83%97%E3%83%AA%E3%83%BC%E3%83%A0_(%E3%83%96%E3%83%A9%E3%83%B3%E3%83%89),good
https://ja.wikipedia.org/wiki/%E3%83%93%E3%83%AA%E3%83%BC%E3%83%BB%E3%83%8F%E3%83%BC%E3%83%9E%E3%83%B3,good
https://ja.wikipedia.org/wiki/J.D.%E3%83%87%E3%83%BC%E3%83%93%E3%82%B9,good
https://ja.wikipedia.org/wiki/%E5%A5%A5%E5%B7%9E%E5%B8%82%E7%AB%8B%E7%8E%89%E9%87%8C%E5%B0%8F%E5%AD%A6%E6%A0%A1,good
https://ja.wikipedia.org/wiki/%E9%AB%98%E6%A1%90%E9%99%A2,good
https://ja.wikipedia.org/wiki/%E3%81%A4%E3%81%8F%E3%81%97%E9%87%8E_(%E7%94%BA%E7%94%B0%E5%B8%82),good
https://ja.wikipedia.org/wiki/%E6%9D%B1%E5%A4%A7%E9%98%AA%E7%94%9F%E5%8D%94%E7%97%85%E9%99%A2,good
https://ja.wikipedia.org/wiki/%E8%B6%B3%E7%AB%8B%E7%A5%9E%E7%A4%BE,good
https://ja.wikipedia.org/wiki/%E3%82%A2%E3%83%B3%E3%83%89%E3%83%AD%E3%82%B9%E3%82%BF%E3%83%B3%E3%82%B8%E3%82%AA%E3%83%BC%E3%83%AB,good
https://ja.wikipedia.org/wiki/%E6%B7%B1%E8%B0%B7%E5%B8%82,good
https://ja.wikipedia.org/wiki/%E5%A4%A7%E9%98%AA%E5%B8%82%E7%AB%8B%E5%8D%97%E6%B8%AF%E6%B8%9A%E5%B0%8F%E5%AD%A6%E6%A0%A1,good
https://ja.wikipedia.org/wiki/%E3%83%8F%E3%83%AF%E3%82%A4%E5%A4%A7%E7%A5%9E%E5%AE%AE,good
https://ja.wikipedia.org/wiki/%E6%A5%B5%E4%BD%93,good
https://ja.wikipedia.org/wiki/%E3%83%81%E3%83%AA,good
https://ja.wikipedia.org/wiki/%E5%86%B7%E6%B0%B4%E6%B9%A7%E5%87%BA%E5%B8%AF,good
https://ja.wikipedia.org/wiki/%E5%AF%92%E5%B7%9D%E7%94%BA%E6%B6%88%E9%98%B2%E6%9C%AC%E9%83%A8,good
https://ja.wikipedia.org/wiki/%E3%82%A4%E3%83%96%E3%83%A9%E3%83%92%E3%83%A0%E3%83%BB%E3%83%88%E3%83%A9%E3%82%AA%E3%83%AC_(%E6%94%BF%E6%B2%BB%E5%AE%B6),good
https://ja.wikipedia.org/wiki/%E5%96%9C%E5%A4%9A_(%E5%B8%82%E5%8E%9F%E5%B8%82),good
https://ja.wikipedia.org/wiki/%E5%A4%A7%E7%94%B0%E5%B8%82%E7%AB%8B%E7%97%85%E9%99%A2,good
https://ja.wikipedia.org/wiki/%E6%A1%B6%E5%B7%9D%E5%B8%82%E7%AB%8B%E5%8A%A0%E7%B4%8D%E5%B0%8F%E5%AD%A6%E6%A0%A1,good
https://ja.wikipedia.org/wiki/%E3%83%8F%E3%83%B3%E3%83%8B%E3%83%90%E3%83%AB%E3%83%BB%E3%83%A1%E3%82%A4%E3%83%96%E3%83%AA,good
https://ja.wikipedia.org/wiki/%E7%A5%9E%E6%98%8E%E6%B0%B7%E5%B7%9D%E7%A5%9E%E7%A4%BE,good
https://ja.wikipedia.org/wiki/%E3%83%A0%E3%83%84%E3%82%B4%E3%83%AD%E3%82%A6%E5%B1%9E,good
https://ja.wikipedia.org/wiki/%E4%B8%B9%E6%B2%A2%E7%97%85%E9%99%A2,good
https://ja.wikipedia.org/wiki/%E5%BA%83%E6%B8%88%E5%AF%BA_(%E5%B0%BC%E5%B4%8E%E5%B8%82),good
https://ja.wikipedia.org/wiki/%E5%B1%B1%E8%B3%80%E5%8D%9A%E4%B9%8B,good
https://ja.wikipedia.org/wiki/%E3%81%98%E3%82%87%E3%81%86%E3%81%8E%E5%BA%A7%E3%82%A4%E3%83%97%E3%82%B7%E3%83%AD%E3%83%B3%E6%98%9F,good
https://ja.wikipedia.org/wiki/%E3%82%B8%E3%83%A7%E3%83%B3%E3%83%BB%E3%83%95%E3%82%A3%E3%83%AB%E3%83%93%E3%83%BC,good
https://ja.wikipedia.org/wiki/%E3%83%9C%E3%83%93%E3%83%BC%E3%83%BB%E3%82%B3%E3%83%BC%E3%83%AB%E3%83%89%E3%82%A6%E3%82%A7%E3%83%AB,good
https://ja.wikipedia.org/wiki/%E3%83%95%E3%83%AB%E3%82%AB%E3%83%B3%E3%83%BB%E3%82%B3%E3%83%AB%E3%82%AF%E3%83%9E%E3%82%BA,good
https://ja.wikipedia.org/wiki/%E3%82%AB%E3%82%B5%E3%83%8D,good
https://ja.wikipedia.org/wiki/%E9%8A%9A%E5%AD%90%E5%8F%A3%E4%BF%A1%E5%8F%B7%E5%A0%B4,good
https://ja.wikipedia.org/wiki/%E3%83%89%E3%83%9E%E3%83%B3%E3%82%BF%E3%82%B9%E3%83%BB%E3%82%B5%E3%83%9C%E3%83%8B%E3%82%B9,good
https://ja.wikipedia.org/wiki/%E3%83%95%E3%82%A1%E3%82%A6%E3%82%B9%E3%83%88%E3%83%BB%E3%83%AD%E3%83%83%E3%82%B7,good
https://ja.wikipedia.org/wiki/%E5%90%89%E6%B1%A0,good
https://ja.wikipedia.org/wiki/%E3%82%B3%E3%83%B3%E3%83%89%E3%83%AD%E3%82%A4%E3%83%81%E3%83%B3%E7%A1%AB%E9%85%B8,good
https://ja.wikipedia.org/wiki/%E3%82%A8%E3%83%89%E3%83%A2%E3%83%B3%E3%82%B9%E3%83%88%E3%83%B3,good
https://ja.wikipedia.org/wiki/%E5%A1%A9%E8%B0%B7%E7%9C%9E%E5%BA%B7,good
https://ja.wikipedia.org/wiki/%E5%8B%95%E5%8A%9B_(%E4%BC%81%E6%A5%AD),good
https://ja.wikipedia.org/wiki/%E5%8D%83%E6%AD%B3%E7%94%BA_(%E6%B5%9C%E6%9D%BE%E5%B8%82),good
https://ja.wikipedia.org/wiki/%E3%82%A6%E3%82%A3%E3%83%B3%E3%82%B9%E3%83%AD%E3%83%83%E3%83%97%E3%83%BB%E3%83%81%E3%83%A3%E3%83%B3%E3%83%89%E3%83%A9%E3%83%BC,good
https://ja.wikipedia.org/wiki/%E3%82%AA%E3%83%9A%E3%83%A9%E3%83%BB%E3%83%89%E3%83%A1%E3%83%BC%E3%83%8C_%E9%AB%98%E9%BA%97%E6%A9%8B,good
https://ja.wikipedia.org/wiki/%E3%83%9E%E3%83%AA%E3%83%BC%E3%83%8E,good
https://ja.wikipedia.org/wiki/%E5%A5%A5%E5%A4%9A%E6%91%A9,good
https://ja.wikipedia.org/wiki/%E3%83%88%E3%82%A5%E3%83%BC%E3%83%AB%E3%82%AC%E3%82%A6%E5%B7%9E,good
https://ja.wikipedia.org/wiki/%E4%BD%8F%E5%90%89%E7%94%BA_(%E9%87%91%E6%B2%A2%E5%B8%82),good
https://ja.wikipedia.org/wiki/%E3%82%B0%E3%83%A9%E3%83%B3%E3%83%88%E9%83%A1_(%E3%83%9F%E3%83%8D%E3%82%BD%E3%82%BF%E5%B7%9E),good
https://ja.wikipedia.org/wiki/%E5%A4%AA%E5%AD%90%E4%BF%A1%E4%BB%B0,good
https://ja.wikipedia.org/wiki/%E6%9C%A8%E3%83%8E%E8%8A%BD%E5%B3%A0,good
https://ja.wikipedia.org/wiki/%E3%82%A8%E3%83%AA%E3%82%AB%E3%83%BB%E3%83%94%E3%82%A2%E3%83%B3%E3%82%AB%E3%82%B9%E3%83%86%E3%83%83%E3%83%AA,good
https://ja.wikipedia.org/wiki/%E3%83%8B%E3%82%B7%E3%82%A2%E3%83%95%E3%83%AA%E3%82%AB%E3%83%AF%E3%83%8B,good
https://ja.wikipedia.org/wiki/%E3%82%B0%E3%83%AD%E3%83%BC%E3%82%B9%E3%83%9B%E3%82%A4%E3%83%90%E3%83%83%E3%83%8F,good
https://ja.wikipedia.org/wiki/%E5%AE%97%E5%BE%B3%E5%AF%BA_(%E5%AE%89%E6%9B%87%E9%87%8E%E5%B8%82),good
https://ja.wikipedia.org/wiki/%E9%B6%B4%E7%94%9F%E7%94%B0%E7%94%BA,good
https://ja.wikipedia.org/wiki/%E5%85%AB%E5%89%B1%E7%A5%9E%E7%A4%BE_(%E7%BE%BD%E5%B3%B6%E5%B8%82%E6%A1%91%E5%8E%9F%E7%94%BA%E5%85%AB%E7%A5%9E),good
https://ja.wikipedia.org/wiki/%E3%83%9B%E3%82%BB%E3%83%BB%E3%83%96%E3%83%83%E3%83%88,good
https://ja.wikipedia.org/wiki/%E3%82%B8%E3%83%BC%E3%83%99%E3%83%83%E3%82%AF_(%E3%82%A2%E3%83%8B%E3%83%A1%E5%88%B6%E4%BD%9C%E4%BC%9A%E7%A4%BE),good
https://ja.wikipedia.org/wiki/%E3%82%AF%E3%83%AA%E3%82%B9%E3%83%86%E3%82%A3%E3%82%A2%E3%83%B3%E3%83%BB%E3%82%B7%E3%83%A5%E3%83%AB%E3%83%84,good
https://ja.wikipedia.org/wiki/%E9%AB%98%E6%9D%BE%E5%B8%82%E7%AB%8B%E9%AB%98%E6%9D%BE%E7%AC%AC%E4%B8%80%E5%B0%8F%E5%AD%A6%E6%A0%A1%E3%83%BB%E4%B8%AD%E5%AD%A6%E6%A0%A1,good
https://ja.wikipedia.org/wiki/%E6%9C%A8%E6%B2%A2%E6%9D%91_(%E5%BE%B3%E5%B3%B6%E7%9C%8C),good
https://ja.wikipedia.org/wiki/2008%E5%B9%B4%E5%8C%97%E4%BA%AC%E3%82%AA%E3%83%AA%E3%83%B3%E3%83%94%E3%83%83%E3%82%AF%E3%81%AE%E3%83%81%E3%82%A7%E3%82%B3%E9%81%B8%E6%89%8B%E5%9B%A3,good
https://ja.wikipedia.org/wiki/%E3%83%A9%E3%82%B7%E3%83%A5%E3%83%88,good
https://ja.wikipedia.org/wiki/%E6%A6%8E%E5%AE%AE%E7%A5%90,good
https://ja.wikipedia.org/wiki/%E5%B9%B3%E5%A3%8C%E5%9C%B0%E4%B8%8B%E9%89%84,good
https://ja.wikipedia.org/wiki/%E3%83%9C%E3%82%B9%E3%83%88%E3%83%BC%E3%82%AF%E6%B9%96,good
https://ja.wikipedia.org/wiki/%E6%82%94%E6%82%9B%E3%81%99%E3%82%8B%E3%83%9E%E3%82%B0%E3%83%80%E3%83%A9%E3%81%AE%E3%83%9E%E3%83%AA%E3%82%A2_(%E3%83%86%E3%82%A3%E3%83%84%E3%82%A3%E3%82%A2%E3%83%BC%E3%83%8E%E3%81%AE%E7%B5%B5%E7%94%BB),good
https://ja.wikipedia.org/wiki/%E5%AE%AE%E5%B4%8E%E3%83%A9%E3%83%BC%E3%83%A1%E3%83%B3,good
https://ja.wikipedia.org/wiki/%E6%B5%A6%E4%BD%90%E9%A7%85,good
https://ja.wikipedia.org/wiki/%E8%A5%BF%E8%AB%AB%E6%97%A9%E9%A7%85,good
https://ja.wikipedia.org/wiki/%E3%82%AA%E3%82%AC%E3%82%B5%E3%83%AF%E3%83%A9%E3%82%B7%E3%83%AD%E3%83%80%E3%83%A2,good
https://ja.wikipedia.org/wiki/%E5%BA%83%E5%B3%B6%E7%9C%8C%E4%BF%A1%E7%94%A8%E7%B5%84%E5%90%88,good
https://ja.wikipedia.org/wiki/%E5%A4%A7%E6%B2%B3%E5%86%85%E4%B8%80%E7%94%B7,good
https://ja.wikipedia.org/wiki/%E6%9C%AC%E6%89%80%E6%9D%BE%E5%9D%82%E7%94%BA%E5%85%AC%E5%9C%92,good
https://ja.wikipedia.org/wiki/%E6%9C%AC%E6%96%B0%E7%94%BA_(%E8%B1%8A%E7%94%B0%E5%B8%82),good
https://ja.wikipedia.org/wiki/%E3%82%A2%E3%83%B3%E3%83%89%E3%83%AA%E3%82%B9%E3%83%BB%E3%83%99%E3%83%BC%E3%83%AB%E3%82%B8%E3%83%B3%E3%82%B7%E3%83%A5_(%E3%83%A9%E3%83%88%E3%83%93%E3%82%A2%E3%81%AE%E5%A4%A7%E7%B5%B1%E9%A0%98),good
https://ja.wikipedia.org/wiki/%E3%82%AF%E3%83%BC%E3%83%91%E3%83%BC%E3%83%BB%E3%83%96%E3%83%BC%E3%83%8A,good
https://ja.wikipedia.org/wiki/%E6%B2%BC%E6%B4%A5%E5%B8%82%E6%98%8E%E6%B2%BB%E5%8F%B2%E6%96%99%E9%A4%A8,good
https://ja.wikipedia.org/wiki/%E3%82%B5%E3%82%A4%E3%83%95%E3%82%A9%E3%83%B3,good
https://ja.wikipedia.org/wiki/%E5%A4%A7%E5%92%8C%E9%9D%92%E8%97%8D%E9%AB%98%E7%AD%89%E5%AD%A6%E6%A0%A1,good
https://ja.wikipedia.org/wiki/%E3%83%A9%E3%83%BC%E3%83%8D%E3%83%96,good
https://ja.wikipedia.org/wiki/%E3%82%B5%E3%83%B3%E3%83%BB%E3%82%AB%E3%83%AB%E3%83%AD%E3%82%B9%E3%83%BB%E3%83%87%E3%83%BB%E3%83%90%E3%83%AA%E3%83%AD%E3%83%BC%E3%83%81%E3%82%A7%E7%A9%BA%E6%B8%AF,good
https://ja.wikipedia.org/wiki/%E5%B0%8F%E7%A3%AF%E5%9F%8E,good
https://ja.wikipedia.org/wiki/%E5%A1%9A%E7%A9%B4%E5%B1%B1%E5%8F%A4%E5%A2%B3,good
https://ja.wikipedia.org/wiki/%E8%97%A4%E5%B3%B6%E6%B3%B0%E8%BC%94,good
https://ja.wikipedia.org/wiki/%E3%83%AD%E3%83%BC%E3%83%89%E3%83%BB%E3%83%80%E3%83%B3%E3%82%BB%E3%82%A4%E3%83%8B,good
https://ja.wikipedia.org/wiki/%E7%A6%8F%E6%B0%B8%E5%A3%AE%E5%BF%97,good
https://ja.wikipedia.org/wiki/%E4%B8%AD%E5%A4%AE%E9%80%9A%E3%82%8A_(%E6%9D%B1%E4%BA%AC%E9%83%BD),good
https://ja.wikipedia.org/wiki/%E7%B1%B3%E5%AD%90%E8%AD%A6%E5%AF%9F%E7%BD%B2,good
https://ja.wikipedia.org/wiki/%E8%BF%BD%E6%89%8B%E7%94%BA_(%E4%BC%9A%E6%B4%A5%E8%8B%A5%E6%9D%BE%E5%B8%82),good
https://ja.wikipedia.org/wiki/%E3%83%8F%E3%82%B9,good
https://ja.wikipedia.org/wiki/%E5%B9%B3%E6%88%90%E6%98%8E%E6%9C%9D,good
https://ja.wikipedia.org/wiki/%E3%82%B0%E3%83%AA%E3%83%BC%E3%83%B3%E3%83%9D%E3%83%BC%E3%83%88%E9%A7%85,good
https://ja.wikipedia.org/wiki/%E4%BA%AC%E7%8E%8B2000%E7%B3%BB%E9%9B%BB%E8%BB%8A_(%E5%88%9D%E4%BB%A3),good
https://ja.wikipedia.org/wiki/%E8%88%B9%E6%B1%9F_(%E4%BC%8A%E5%8B%A2%E5%B8%82),good
https://ja.wikipedia.org/wiki/%E6%9F%B3%E7%94%9F%E6%96%B0%E9%99%B0%E6%B5%81,good
https://ja.wikipedia.org/wiki/%E9%81%93%E3%81%AE%E9%A7%85%E5%A4%A7%E5%92%8C%E8%B7%AF%E3%81%B8%E3%81%90%E3%82%8A,good
https://ja.wikipedia.org/wiki/%E4%B8%AD%E5%88%87%E7%94%BA_(%E5%90%8D%E5%8F%A4%E5%B1%8B%E5%B8%82),good
https://ja.wikipedia.org/wiki/%E9%83%A1%E5%8F%B8%E7%9C%9F%E9%87%8C,good
https://ja.wikipedia.org/wiki/%E9%9D%92%E6%9C%A8%E6%B2%99%E5%BC%A5%E4%BD%B3,good
https://ja.wikipedia.org/wiki/%E5%90%9B%E3%81%AF%E8%87%AA%E8%BB%A2%E8%BB%8A_%E7%A7%81%E3%81%AF%E9%9B%BB%E8%BB%8A%E3%81%A7%E5%B8%B0%E5%AE%85,good
https://ja.wikipedia.org/wiki/%E3%82%A2%E3%83%AB%E3%83%99%E3%83%BC%E3%83%AB%E3%83%BB%E3%82%B4%E3%83%BC%E3%83%89%E3%83%AA%E3%83%BC,good
https://ja.wikipedia.org/wiki/%E3%82%8F%E3%81%95%E3%81%B3%E5%B9%B3%E5%B0%8F%E5%B1%8B,good
https://ja.wikipedia.org/wiki/%E3%83%A8%E3%83%8F%E3%83%8D%E3%82%B9%E3%83%BB%E3%82%AC%E3%82%A4%E3%82%B9,good
https://ja.wikipedia.org/wiki/%E3%83%A6%E3%83%8A%E3%82%A4%E3%83%86%E3%83%83%E3%83%89%E8%88%AA%E7%A9%BA227%E4%BE%BF%E5%A2%9C%E8%90%BD%E4%BA%8B%E6%95%85,good
https://ja.wikipedia.org/wiki/%E3%82%B5%E3%83%BC%E3%83%AC%E3%83%BB%E3%82%B5%E3%83%B3%E3%83%BB%E3%82%B8%E3%83%A7%E3%83%B4%E3%82%A1%E3%83%B3%E3%83%8B,good
https://ja.wikipedia.org/wiki/%E3%83%9E%E3%82%A4%E3%83%8E%E3%83%83%E3%83%88_(%E3%83%8E%E3%83%BC%E3%82%B9%E3%83%80%E3%82%B3%E3%82%BF%E5%B7%9E),good
https://es.wikipedia.org/wiki/Santa_Mar%C3%ADa_de_Salceda,good
https://es.wikipedia.org/wiki/Ghiyath_al-Din_Jamshid_Mas'ud_al-Kashi,good
https://es.wikipedia.org/wiki/Pelobatidae,good
https://es.wikipedia.org/wiki/L'Hermitage_(Francia),good
https://es.wikipedia.org/wiki/Municipio_de_Limba%C5%BEi,good
https://es.wikipedia.org/wiki/Tarako,good
https://es.wikipedia.org/wiki/Llano_Blanco_(Hidalgo),good
https://es.wikipedia.org/wiki/Ambodibonara_(Diana),good
https://es.wikipedia.org/wiki/Ida_A._Bengtson,good
https://es.wikipedia.org/wiki/Riihim%C3%A4ki,good
https://es.wikipedia.org/wiki/Casa_de_la_Tierra_(Segovia),good
https://es.wikipedia.org/wiki/La_Caja_de_Ahorro_y_Seguro,good
https://es.wikipedia.org/wiki/%C3%89lie_Vinet,good
https://es.wikipedia.org/wiki/Faaite_(Polinesia_Francesa),good
https://es.wikipedia.org/wiki/Partido_judicial_de_Ronda,good
https://es.wikipedia.org/wiki/Yevgueni_Bobrov,good
https://es.wikipedia.org/wiki/Mohamed_B%C3%A9avogui,good
https://es.wikipedia.org/wiki/Doris_Fitschen,good
https://es.wikipedia.org/wiki/Margot_K%C3%A4%C3%9Fmann,good
https://es.wikipedia.org/wiki/David_Bolzoni,good
https://es.wikipedia.org/wiki/Laguna_Avenda%C3%B1o,good
https://es.wikipedia.org/wiki/Ferm%C3%ADn_Canella,good
https://es.wikipedia.org/wiki/Lacave_(Lot),good
https://es.wikipedia.org/wiki/Brosmos,good
https://es.wikipedia.org/wiki/Justin_Street,good
https://es.wikipedia.org/wiki/Olmesart%C3%A1n,good
https://es.wikipedia.org/wiki/Cruz_del_Valor_Militar,good
https://es.wikipedia.org/wiki/Asociaci%C3%B3n_estelar_OB1_de_Ori%C3%B3n,good
https://es.wikipedia.org/wiki/Doris_Day,good
https://es.wikipedia.org/wiki/Robyn_Malcolm,good
https://es.wikipedia.org/wiki/Stany_Delayre,good
https://es.wikipedia.org/wiki/Villevallier,good
https://es.wikipedia.org/wiki/Fabrizio_Cacciatore,good
https://es.wikipedia.org/wiki/Chirixalus,good
https://es.wikipedia.org/wiki/Alfonso_de_Lanz%C3%B3s,good
https://es.wikipedia.org/wiki/Amaurosis_(pel%C3%ADcula),good
https://es.wikipedia.org/wiki/Masato_Sakai,good
https://es.wikipedia.org/wiki/Gyrophragmium,good
https://es.wikipedia.org/wiki/Copa_de_Competencia_Adolfo_Bullrich_1905,good
https://es.wikipedia.org/wiki/Frances_Dade,good
https://es.wikipedia.org/wiki/Thesan,good
https://es.wikipedia.org/wiki/Launois-sur-Vence,good
https://es.wikipedia.org/wiki/Alasdair_MacIntyre,good
https://es.wikipedia.org/wiki/Hematoma,good
https://es.wikipedia.org/wiki/L%C3%ADnea_25_(Buenos_Aires),good
https://es.wikipedia.org/wiki/Xin%C3%B3mavro,good
https://es.wikipedia.org/wiki/Estaci%C3%B3n_Per%C3%BA_(La_Pampa),good
https://es.wikipedia.org/wiki/Carbonato,good
https://es.wikipedia.org/wiki/Estatua_ecuestre_de_George_Washington_(Par%C3%ADs),good
https://es.wikipedia.org/wiki/Quentin_Skinner,good
https://es.wikipedia.org/wiki/Follas_novas,good
https://es.wikipedia.org/wiki/Bautismo_en_la_iglesia_de_Tanum,good
https://es.wikipedia.org/wiki/Kawasaki_454_LTD,good
https://es.wikipedia.org/wiki/Talena_Atfield,good
https://es.wikipedia.org/wiki/Fuente_de_Glauce,good
https://es.wikipedia.org/wiki/Zawisza_Bydgoszcz,good
https://es.wikipedia.org/wiki/Clifton_(Nueva_Jersey),good
https://es.wikipedia.org/wiki/Benthophilus_leptocephalus,good
https://es.wikipedia.org/wiki/Leptocometes_barbiscapus,good
https://es.wikipedia.org/wiki/Lea_Sophie_Scholz,good
https://es.wikipedia.org/wiki/Otus_fuliginosus,good
https://es.wikipedia.org/wiki/Rallus_aequatorialis,good
https://es.wikipedia.org/wiki/Regi%C3%B3n_Superior_Este,good
https://es.wikipedia.org/wiki/Ignacia_Zeballos_Taborga,good
https://es.wikipedia.org/wiki/Ally_(Alto_Loira),good
https://es.wikipedia.org/wiki/Discocalyx,good
https://es.wikipedia.org/wiki/Resto_de_supernova,good
https://es.wikipedia.org/wiki/Barrio_La_Perla,good
https://es.wikipedia.org/wiki/Kahlil_Joseph_(director),good
https://es.wikipedia.org/wiki/Facultad_de_Relaciones_Laborales_y_Recursos_Humanos_(Universidad_de_Granada),good
https://es.wikipedia.org/wiki/Operaci%C3%B3n_Le%C3%B3n_Marino,good
https://es.wikipedia.org/wiki/Saint-Damien,good
https://es.wikipedia.org/wiki/Casino_cultural,good
https://es.wikipedia.org/wiki/Herval_d'Oeste,good
https://es.wikipedia.org/wiki/Bezaha,good
https://es.wikipedia.org/wiki/Acheilognathus_yamatsutae,good
https://es.wikipedia.org/wiki/Margaret_Marshall,good
https://es.wikipedia.org/wiki/Condado_de_Person,good
https://es.wikipedia.org/wiki/Thomas_Wentworth%2C_conde_de_Strafford,good
https://es.wikipedia.org/wiki/Moriz_Seeler,good
https://es.wikipedia.org/wiki/Nuevo_Mundo_(Chuquisaca),good
https://es.wikipedia.org/wiki/Pir%C3%A1mide_Acodada,good
https://es.wikipedia.org/wiki/Jorge_Mas,good
https://es.wikipedia.org/wiki/Michael_Wilding,good
https://es.wikipedia.org/wiki/San_Lorenzo_in_Miranda,good
https://es.wikipedia.org/wiki/Grba%C5%A1evec,good
https://es.wikipedia.org/wiki/USS_Wichita_(CA-45),good
https://es.wikipedia.org/wiki/Le_Trioulou,good
https://es.wikipedia.org/wiki/Poggio_Moiano,good
https://es.wikipedia.org/wiki/Wi%C3%9Fmannsdorf,good
https://es.wikipedia.org/wiki/Carlos_Esquivel,good
https://es.wikipedia.org/wiki/Guillermo_Rawson,good
https://es.wikipedia.org/wiki/Capitulaci%C3%B3n_alemana_de_mayo_de_1945,good
https://es.wikipedia.org/wiki/George_R._R._Martin,good
https://es.wikipedia.org/wiki/Alpujarra_Almeriense,good
https://es.wikipedia.org/wiki/Criptop%C3%B3rtico_romano_(Vicenza),good
https://es.wikipedia.org/wiki/Argiope_chloreis,good
https://es.wikipedia.org/wiki/Tiffany_Mason,good
https://es.wikipedia.org/wiki/Jim_Corbett,good
https://es.wikipedia.org/wiki/Tanambao_Haut,good
https://es.wikipedia.org/wiki/Final_de_la_Copa_del_Rey_de_f%C3%BAtbol_2016-17,good
https://es.wikipedia.org/wiki/Lorenzo_Casanova_Ruiz,good
https://es.wikipedia.org/wiki/Valentin_de_Boulogne,good
https://es.wikipedia.org/wiki/Fuyang_(Hangzhou),good
https://es.wikipedia.org/wiki/Monoblastozoa,good
https://es.wikipedia.org/wiki/Villeneuve-de-Marsan,good
https://es.wikipedia.org/wiki/Ampedus_hjorti,good
https://es.wikipedia.org/wiki/Duje_Ajdukovi%C4%87,good
https://es.wikipedia.org/wiki/Val-d'Aigoual,good
https://es.wikipedia.org/wiki/Etheldreda_Nakimuli-Mpungu,good
https://es.wikipedia.org/wiki/Municipio_de_Upper_Nazareth,good
https://es.wikipedia.org/wiki/Kadmat,good
https://es.wikipedia.org/wiki/Estaci%C3%B3n_del_Norte_(Valencia),good
https://es.wikipedia.org/wiki/Sparidentex_hasta,good
https://es.wikipedia.org/wiki/Faustino_Armend%C3%A1riz_Jim%C3%A9nez,good
https://es.wikipedia.org/wiki/Cant%C3%B3n_Taisha,good
https://es.wikipedia.org/wiki/Else_Fr%C3%B6lich,good
https://es.wikipedia.org/wiki/Bella_Starace_Sainati,good
https://es.wikipedia.org/wiki/Bobby_Witt_Jr.,good
https://es.wikipedia.org/wiki/Distrito_de_Olt,good
https://es.wikipedia.org/wiki/Vaux-Saint-Sulpice,good
https://es.wikipedia.org/wiki/Pseudechis_australis,good
https://es.wikipedia.org/wiki/Torrente_de_la_Riera,good
https://es.wikipedia.org/wiki/Betsy_DeVos,good
https://es.wikipedia.org/wiki/San_Pedro_dos_Nabos,good
https://es.wikipedia.org/wiki/Reserva_natural_nacional_de_La_D%C3%A9sirade,good
https://es.wikipedia.org/wiki/Asesino_de_los_torsos_de_Cleveland,good
https://es.wikipedia.org/wiki/ARA_Santiago_del_Estero_(S-22),good
https://es.wikipedia.org/wiki/Nustera,good
https://es.wikipedia.org/wiki/El_hombre_que_cae_(Auguste_Rodin),good
https://es.wikipedia.org/wiki/Tuntex_Sky_Tower,good
https://es.wikipedia.org/wiki/G%C3%B3mez_Far%C3%ADas_(Tamaulipas),good
https://es.wikipedia.org/wiki/Henrique_Eduardo_Alves,good
https://es.wikipedia.org/wiki/Steingr%C3%ADmur_Stein%C3%BE%C3%B3rsson,good
https://es.wikipedia.org/wiki/UTC%2B13%3A00,good
https://es.wikipedia.org/wiki/Emiratos_%C3%81rabes_Unidos_en_los_Juegos_Ol%C3%ADmpicos,good
https://es.wikipedia.org/wiki/Knud_Ib_Christensen,good
https://es.wikipedia.org/wiki/Viana_(Chantada),good
https://es.wikipedia.org/wiki/Censura_en_Internet,good
https://es.wikipedia.org/wiki/Demerchentsi,good
https://es.wikipedia.org/wiki/Municipio_Guacara,good
https://es.wikipedia.org/wiki/Gastronom%C3%ADa_de_Paraguay,good
https://es.wikipedia.org/wiki/Phyllis_Thaxter,good
https://es.wikipedia.org/wiki/Consonante_alveolar,good
https://es.wikipedia.org/wiki/Aliezo,good
https://es.wikipedia.org/wiki/Meir%C3%A1s_(Sada),good
https://es.wikipedia.org/wiki/Cultura_Filia,good
https://es.wikipedia.org/wiki/Daniel_Boone,good
https://es.wikipedia.org/wiki/Santo_Domingo_Agua_Zarca,good
https://es.wikipedia.org/wiki/Meus_Pr%C3%AAmios_Nick,good
https://es.wikipedia.org/wiki/Partido_Socialista_Independiente_(Argentina),good
https://es.wikipedia.org/wiki/Samantha_Murray,good
https://es.wikipedia.org/wiki/Codo_del_Pozuzo,good
https://es.wikipedia.org/wiki/Roquetaillade-et-Conilhac,good
https://es.wikipedia.org/wiki/Ourouer-les-Bourdelins,good
https://es.wikipedia.org/wiki/R%C3%ADo_Cedena,good
https://es.wikipedia.org/wiki/Lucas_Prisor,good
https://es.wikipedia.org/wiki/Costi_Ioni%C8%9B%C4%83,good
https://es.wikipedia.org/wiki/Metting,good
https://es.wikipedia.org/wiki/Distrito_de_Lakhimpur,good
https://es.wikipedia.org/wiki/Robin_Olds,good
https://es.wikipedia.org/wiki/Marco_Aurelio_Severino,good
https://es.wikipedia.org/wiki/Wildorado,good
https://es.wikipedia.org/wiki/Pseudechis,good
https://es.wikipedia.org/wiki/Nazario_Norberto_S%C3%A1nchez,good
https://es.wikipedia.org/wiki/Eglantina_Zingg,good
https://es.wikipedia.org/wiki/Iglesia_de_la_Santa_Cruz_de_Canillo,good
https://es.wikipedia.org/wiki/Vi%C3%BAxe,good
https://es.wikipedia.org/wiki/Puente_de_Enrique_Estevan,good
https://es.wikipedia.org/wiki/Moab_(Utah),good
https://es.wikipedia.org/wiki/Hospital_Neuropsiqui%C3%A1trico_Braulio_Aurelio_Moyano,good
https://es.wikipedia.org/wiki/San_Charbel,good
https://es.wikipedia.org/wiki/Peter_Parker_(serie_de_pel%C3%ADculas_de_Sam_Raimi),good
https://es.wikipedia.org/wiki/Javiera_D%C3%ADaz_de_Vald%C3%A9s,good
https://es.wikipedia.org/wiki/Eclipse_solar_del_11_de_agosto_de_1999,good
https://es.wikipedia.org/wiki/Anthoscopus,good
https://es.wikipedia.org/wiki/Enz,good
https://es.wikipedia.org/wiki/Casar_de_C%C3%A1ceres,good
https://es.wikipedia.org/wiki/Essex_(Massachusetts),good
https://es.wikipedia.org/wiki/Pinyin,good
https://es.wikipedia.org/wiki/Zhang_Li_Yin,good
https://es.wikipedia.org/wiki/Marsco,good
https://es.wikipedia.org/wiki/Tsarazaza,good
https://es.wikipedia.org/wiki/Lapoblaci%C3%B3n_(concejo),good
https://es.wikipedia.org/wiki/Riecito,good
https://es.wikipedia.org/wiki/Culcapampa,good
https://es.wikipedia.org/wiki/Medythia,good
https://es.wikipedia.org/wiki/La_Virgen_de_la_cesta_(Correggio),good
https://es.wikipedia.org/wiki/Soci%C3%A9t%C3%A9_Nationale_de_Sauvetage_en_Mer,good
https://es.wikipedia.org/wiki/Elecciones_parlamentarias_de_Chile_de_2013,good
https://es.wikipedia.org/wiki/Parque_natural_del_Cabo_de_Gata-N%C3%ADjar,good
https://es.wikipedia.org/wiki/Birreactor,good
https://es.wikipedia.org/wiki/Antisovietismo,good
https://es.wikipedia.org/wiki/Zoobot%C3%A1nico_Jerez,good
https://es.wikipedia.org/wiki/Bembidion_dentellum,good
https://es.wikipedia.org/wiki/Rosendo_Pascual,good
https://es.wikipedia.org/wiki/Parque_nacional_Campos_del_Tuy%C3%BA,good
https://es.wikipedia.org/wiki/Invasi%C3%B3n_israel%C3%AD_del_L%C3%ADbano_de_1996,good
https://es.wikipedia.org/wiki/Rihairo_Meulens,good
https://es.wikipedia.org/wiki/Copa_Ecuador_2025,good
https://es.wikipedia.org/wiki/Humiriastrum,good
https://es.wikipedia.org/wiki/Astarsa,good
https://es.wikipedia.org/wiki/Claude-Victor_Perrin,good
https://es.wikipedia.org/wiki/Hal_Crisler,good
https://es.wikipedia.org/wiki/F%C3%BAtbol_en_Cantabria,good
https://es.wikipedia.org/wiki/Bocio,good
https://es.wikipedia.org/wiki/Phaleria,good
https://es.wikipedia.org/wiki/Binson-et-Orquigny,good
https://es.wikipedia.org/wiki/R%C3%ADo_Sold%C3%B3n,good
https://es.wikipedia.org/wiki/Kaderna,good
https://es.wikipedia.org/wiki/Dominio_nacional_franc%C3%A9s_en_Tierra_Santa,good
https://es.wikipedia.org/wiki/Salario,good
https://es.wikipedia.org/wiki/Tylosaurus,good
https://es.wikipedia.org/wiki/Lisandro_de_la_Torre_(Rosario),good
https://es.wikipedia.org/wiki/Di%C3%B3cesis_de_Juneau,good
https://es.wikipedia.org/wiki/Quiebra,good
https://es.wikipedia.org/wiki/Adri%C3%A0_Ferran,good
https://es.wikipedia.org/wiki/Adela_(insecto),good
https://es.wikipedia.org/wiki/Saca_la_bici,good
https://es.wikipedia.org/wiki/Ciclopenteno,good
https://es.wikipedia.org/wiki/Palacio_del_Infantado,good
https://es.wikipedia.org/wiki/Xi_Kang,good
https://es.wikipedia.org/wiki/(1133)_Lugduna,good
https://es.wikipedia.org/wiki/Sarja_(ciudad),good
https://es.wikipedia.org/wiki/Ahmad_Shah_Masud,good
https://es.wikipedia.org/wiki/Gerygone_igata,good
https://es.wikipedia.org/wiki/H%C3%BCtterscheid,good
https://es.wikipedia.org/wiki/Rosmeri_Marval,good
https://es.wikipedia.org/wiki/Cant%C3%B3n_de_Thizy-les-Bourgs,good
https://es.wikipedia.org/wiki/Fra_Angelico,good
https://es.wikipedia.org/wiki/Perosinho,good
https://es.wikipedia.org/wiki/Braseado,good
https://es.wikipedia.org/wiki/Carrizales_(Santa_Fe),good
https://es.wikipedia.org/wiki/Emili_Guanyavents,good
https://es.wikipedia.org/wiki/Dalton_Castle_(luchador),good
https://es.wikipedia.org/wiki/Villafranca_del_Campo,good
https://es.wikipedia.org/wiki/Monumento_a_la_Revoluci%C3%B3n_(M%C3%A9xico),good
https://es.wikipedia.org/wiki/Gunpo,good
https://es.wikipedia.org/wiki/Frombork,good
https://es.wikipedia.org/wiki/Raymond_L%C3%A9on_Rivoire,good
https://es.wikipedia.org/wiki/Idioma_venda,good
https://es.wikipedia.org/wiki/Catalizador_de_Adams,good
https://es.wikipedia.org/wiki/Vera_Fogwill,good
https://es.wikipedia.org/wiki/Bucolismo,good
https://es.wikipedia.org/wiki/Servidor_web,good
https://es.wikipedia.org/wiki/Seginus,good
https://es.wikipedia.org/wiki/Marquesado_de_Cilleruelo,good
https://es.wikipedia.org/wiki/Gothiscandza,good
https://es.wikipedia.org/wiki/Gafanha_da_Boa_Hora,good
https://es.wikipedia.org/wiki/Soto_del_Henares_(espacio_natural),good
https://es.wikipedia.org/wiki/Jennylyn_Mercado,good
https://es.wikipedia.org/wiki/Knyk,good
https://es.wikipedia.org/wiki/Nickelodeon_Kids'_Choice_Awards,good
https://es.wikipedia.org/wiki/Socorroita_elvira,good
https://es.wikipedia.org/wiki/Bob_Rule,good
https://es.wikipedia.org/wiki/Maria_Konopnicka,good
https://es.wikipedia.org/wiki/Mar%C3%ADa_Auxilio_de_los_Cristianos,good
https://es.wikipedia.org/wiki/Francis_Berthelot,good
https://es.wikipedia.org/wiki/Museo_del_Mar_(Pe%C3%B1%C3%ADscola),good
https://es.wikipedia.org/wiki/Sevak_Khanagyan,good
https://es.wikipedia.org/wiki/Ej%C3%A9rcito_Popular_de_Liberaci%C3%B3n_(China),good
https://es.wikipedia.org/wiki/Masaki_(Ehime),good
https://es.wikipedia.org/wiki/Choristoneura_fractivittana,good
https://es.wikipedia.org/wiki/Ryan_Briscoe,good
https://es.wikipedia.org/wiki/Aldrich_Ames,good
https://es.wikipedia.org/wiki/Redfern,good
https://es.wikipedia.org/wiki/SS_Princess_Sophia,good
https://es.wikipedia.org/wiki/Buenaventura_de_C%C3%B3rdoba,good
https://es.wikipedia.org/wiki/Oplosia_cinerea,good
https://es.wikipedia.org/wiki/Mandriva_(empresa),good
https://es.wikipedia.org/wiki/L%C3%ADnea_del_Albula,good
https://es.wikipedia.org/wiki/Batrachostomus_javensis,good
https://es.wikipedia.org/wiki/Barbara_Gordon,good
https://es.wikipedia.org/wiki/TuxOnIce,good
https://es.wikipedia.org/wiki/Rocinejo,good
https://es.wikipedia.org/wiki/Senantes_(Oise),good
https://es.wikipedia.org/wiki/Isaac_Cruikshank,good
https://es.wikipedia.org/wiki/Valdenoches,good
https://es.wikipedia.org/wiki/Rajeev_Chandrasekhar,good
https://es.wikipedia.org/wiki/Andy_Fairweather_Low,good
https://es.wikipedia.org/wiki/Diaphorodendron,good
https://es.wikipedia.org/wiki/Estico,good
https://es.wikipedia.org/wiki/Maza_(Per%C3%BA),good
https://es.wikipedia.org/wiki/Meira_(Lugo),good
https://es.wikipedia.org/wiki/Ram%C3%B3n_Delgado,good
https://es.wikipedia.org/wiki/Ruesha_Littlejohn,good
https://es.wikipedia.org/wiki/Ivy_Levan,good
https://es.wikipedia.org/wiki/Urban_B%C3%A4ckstr%C3%B6m,good
https://es.wikipedia.org/wiki/Elecciones_al_Parlamento_de_Navarra_de_2023,good
https://es.wikipedia.org/wiki/Bernardo_de_Huarte,good
https://es.wikipedia.org/wiki/Israel_Poblete,good
https://es.wikipedia.org/wiki/Bodeg%C3%B3n_de_caza%2C_hortalizas_y_frutas,good
https://es.wikipedia.org/wiki/Tom%C3%A1%C5%A1_Necid,good
https://es.wikipedia.org/wiki/Stephen_Brislin,good
https://es.wikipedia.org/wiki/Econom%C3%ADa_de_Guinea_Ecuatorial,good
https://es.wikipedia.org/wiki/Anah%C3%AD_Allu%C3%A9,good
https://es.wikipedia.org/wiki/Liessies,good
https://es.wikipedia.org/wiki/Festival_Internacional_de_la_Sierra,good
https://es.wikipedia.org/wiki/Reserva_de_recursos_manejados_Yvytyrus%C3%BA,good
https://es.wikipedia.org/wiki/Nina_On%C3%ADlova,good
https://it.wikipedia.org/wiki/Urpo_Korhonen,good
https://it.wikipedia.org/wiki/Stazione_di_Ashtown,good
https://it.wikipedia.org/wiki/Pallone_d'oro_1977,good
https://it.wikipedia.org/wiki/Pionerskaja_(metropolitana_di_San_Pietroburgo),good
https://it.wikipedia.org/wiki/Bruno_Tognana,good
https://it.wikipedia.org/wiki/Distretto_di_Quillo,good
https://it.wikipedia.org/wiki/Daniel_Haas,good
https://it.wikipedia.org/wiki/Briatico,good
https://it.wikipedia.org/wiki/%C4%8Cikov,good
https://it.wikipedia.org/wiki/Piotr_Bro%C5%BCyna,good
https://it.wikipedia.org/wiki/Zolt%C3%A1n_Kem%C3%A9ny,good
https://it.wikipedia.org/wiki/Lorenzo_(rapper),good
https://it.wikipedia.org/wiki/Josef_Jel%C3%ADnek_(calciatore_1941),good
https://it.wikipedia.org/wiki/Leigh_Taylor-Young,good
https://it.wikipedia.org/wiki/Mauritius,good
https://it.wikipedia.org/wiki/Jakubany,good
https://it.wikipedia.org/wiki/Madonna_col_Bambino_tra_i_santi_Caterina_e_Cristoforo,good
https://it.wikipedia.org/wiki/Guido_Carlesi,good
https://it.wikipedia.org/wiki/Aurelio_Ricchetti,good
https://it.wikipedia.org/wiki/Confessioni_(Agostino),good
https://it.wikipedia.org/wiki/Eddie_Rickenbacker,good
https://it.wikipedia.org/wiki/Bru%C5%A1perk,good
https://it.wikipedia.org/wiki/NTT_docomo_Yoyogi_Building,good
https://it.wikipedia.org/wiki/Jordan_Horston,good
https://it.wikipedia.org/wiki/Presidente_Alves,good
https://it.wikipedia.org/wiki/Kilema_Kusini,good
https://it.wikipedia.org/wiki/Franco_Giacchero,good
https://it.wikipedia.org/wiki/Kevin_Brown_(storico),good
https://it.wikipedia.org/wiki/Piergiorgio_Welby,good
https://it.wikipedia.org/wiki/Oleksandr_Maksymov,good
https://it.wikipedia.org/wiki/Niclas_Gr%C3%B6nholm,good
https://it.wikipedia.org/wiki/Miriam_Stockley,good
https://it.wikipedia.org/wiki/Bad_Boys_II,good
https://it.wikipedia.org/wiki/Hj%C3%A4rs%C3%A5s,good
https://it.wikipedia.org/wiki/Prince_Randian,good
https://it.wikipedia.org/wiki/Yusuf_Kamil_Pasci%C3%A0,good
https://it.wikipedia.org/wiki/Edificio_Sedan,good
https://it.wikipedia.org/wiki/Chiesa_di_San_Fiorenzo_(Fiorenzuola_d'Arda),good
https://it.wikipedia.org/wiki/Otep,good
https://it.wikipedia.org/wiki/Antoine_I_de_Cro%C3%BF,good
https://it.wikipedia.org/wiki/Languibonou,good
https://it.wikipedia.org/wiki/%C3%89chilleuses,good
https://it.wikipedia.org/wiki/Mark_Strukelj,good
https://it.wikipedia.org/wiki/NGC_1011,good
https://it.wikipedia.org/wiki/Ol'ga_Leonardovna_Knipper,good
https://it.wikipedia.org/wiki/Vaca_Lacus,good
https://it.wikipedia.org/wiki/Il_racconto_del_famiglio_del_canonico,good
https://it.wikipedia.org/wiki/Fokker_C.X,good
https://it.wikipedia.org/wiki/Fontaine-Lavaganne,good
https://it.wikipedia.org/wiki/Andrija_Slavkovi%C4%87,good
https://it.wikipedia.org/wiki/Victoria_Manners,good
https://it.wikipedia.org/wiki/Leucotriene-B4_20-monoossigenasi,good
https://it.wikipedia.org/wiki/Dickie_Dale,good
https://it.wikipedia.org/wiki/Lasagne_al_forno,good
https://it.wikipedia.org/wiki/Xinjiang,good
https://it.wikipedia.org/wiki/Gr%C3%A9llo_(giocatore_di_calcio_a_5),good
https://it.wikipedia.org/wiki/Wanship,good
https://it.wikipedia.org/wiki/Natal'ja_Ustinova,good
https://it.wikipedia.org/wiki/Minnesota_Avenue,good
https://it.wikipedia.org/wiki/Alberto_Hurtado,good
https://it.wikipedia.org/wiki/Mil_Mi-6,good
https://it.wikipedia.org/wiki/Mogorella,good
https://it.wikipedia.org/wiki/Waltershausen,good
https://it.wikipedia.org/wiki/Sh2-19,good
https://it.wikipedia.org/wiki/Hawker_Hurricane,good
https://it.wikipedia.org/wiki/Jillali_Ferhati,good
https://it.wikipedia.org/wiki/Johannes_B%C3%BCckler,good
https://it.wikipedia.org/wiki/Cerinthe_major,good
https://it.wikipedia.org/wiki/Miguel_%C3%81ngel_Laino,good
https://it.wikipedia.org/wiki/Necropoli_di_Ravanjska_Vrata,good
https://it.wikipedia.org/wiki/Henri_Laaksonen,good
https://it.wikipedia.org/wiki/Gabriele_Tergit,good
https://it.wikipedia.org/wiki/Chiesa_dei_Santi_Sebastiano_e_Nicol%C3%B2,good
https://it.wikipedia.org/wiki/Fondo_internazionale_per_lo_sviluppo_agricolo,good
https://it.wikipedia.org/wiki/San_Lorenzo_a_Pagnatico,good
https://it.wikipedia.org/wiki/Parrasio,good
https://it.wikipedia.org/wiki/V_Giochi_paralimpici_estivi,good
https://it.wikipedia.org/wiki/Montfroc,good
https://it.wikipedia.org/wiki/Lily_Tomlin,good
https://it.wikipedia.org/wiki/Miguel_Diosdado,good
https://it.wikipedia.org/wiki/Fabric_(discoteca),good
https://it.wikipedia.org/wiki/Vorwerk_(Germania),good
https://it.wikipedia.org/wiki/Livio_Leonardi,good
https://it.wikipedia.org/wiki/NATO_Assault_Course,good
https://it.wikipedia.org/wiki/Thiago_Cionek,good
https://it.wikipedia.org/wiki/Macuelizo_(Nicaragua),good
https://it.wikipedia.org/wiki/Juraj_F%C3%A1ndly,good
https://it.wikipedia.org/wiki/Kallinchen,good
https://it.wikipedia.org/wiki/San_Matteo_e_l'angelo_(Rembrandt),good
https://it.wikipedia.org/wiki/Maestro_del_Crocifisso_Corsi,good
https://it.wikipedia.org/wiki/Suhaila_Siddiq,good
https://it.wikipedia.org/wiki/Varicella,good
https://it.wikipedia.org/wiki/12%2C7_%C3%97_81_mm_SR,good
https://it.wikipedia.org/wiki/John_Fane%2C_X_conte_di_Westmorland,good
https://it.wikipedia.org/wiki/Manin_Carabba,good
https://it.wikipedia.org/wiki/Villa_Mazzieri,good
https://it.wikipedia.org/wiki/Stadio_Rungrado_1%C2%B0_maggio,good
https://it.wikipedia.org/wiki/Putney_Bridge_(metropolitana_di_Londra),good
https://it.wikipedia.org/wiki/Pinto_(Santiago_del_Estero),good
https://it.wikipedia.org/wiki/Sch%C3%B6neberg_(Schwedt),good
https://it.wikipedia.org/wiki/Operazione_Brevity,good
https://it.wikipedia.org/wiki/James_Stephens,good
https://it.wikipedia.org/wiki/Sabana_de_Torres,good
https://it.wikipedia.org/wiki/All_on_Account_of_Checkers,good
https://it.wikipedia.org/wiki/Pra%C5%A1ice,good
https://it.wikipedia.org/wiki/Moeneeb_Josephs,good
https://it.wikipedia.org/wiki/Kunskapskanalen,good
https://it.wikipedia.org/wiki/Virginia_Centurione_Bracelli,good
https://it.wikipedia.org/wiki/Istevoni,good
https://it.wikipedia.org/wiki/Nightwing,good
https://it.wikipedia.org/wiki/Wat_Phanan_Choeng,good
https://it.wikipedia.org/wiki/Isole_dell'Europa,good
https://it.wikipedia.org/wiki/Ernst_J%C3%BCnger,good
https://it.wikipedia.org/wiki/Mayo_K%C3%A9bbi_(fiume),good
https://it.wikipedia.org/wiki/Top_Cat_-_Il_film,good
https://it.wikipedia.org/wiki/Nick_Santora,good
https://it.wikipedia.org/wiki/Il_nipote_di_Rameau,good
https://it.wikipedia.org/wiki/Gary_Dourdan,good
https://it.wikipedia.org/wiki/Sulpice_Huguenin,good
https://it.wikipedia.org/wiki/Pomacentrinae,good
https://it.wikipedia.org/wiki/Orangeville_(Utah),good
https://it.wikipedia.org/wiki/Operazione_Leonte,good
https://it.wikipedia.org/wiki/Breuvery-sur-Coole,good
https://it.wikipedia.org/wiki/Terry_Jones,good
https://it.wikipedia.org/wiki/Combustibile_nucleare_esaurito,good
https://it.wikipedia.org/wiki/Atanas_Pej%C4%8Dinski,good
https://it.wikipedia.org/wiki/Peramola,good
https://it.wikipedia.org/wiki/William_Nylander_(botanico),good
https://it.wikipedia.org/wiki/Tatari_del_Volga,good
https://it.wikipedia.org/wiki/Da%C5%9F%C3%BCz,good
https://it.wikipedia.org/wiki/Curtiss_XP-37,good
https://it.wikipedia.org/wiki/Romelu_Lukaku,good
https://it.wikipedia.org/wiki/Giuseppe_Naudin,good
https://it.wikipedia.org/wiki/Narni,good
https://it.wikipedia.org/wiki/Lenny_(cantante),good
https://it.wikipedia.org/wiki/Agnes_von_Kurowsky,good
https://it.wikipedia.org/wiki/Raffaello_(transatlantico),good
https://it.wikipedia.org/wiki/Bello_di_pap%C3%A0,good
https://it.wikipedia.org/wiki/San_Antonio_Football_Club,good
https://it.wikipedia.org/wiki/Vahl-Ebersing,good
https://it.wikipedia.org/wiki/Castello_di_Grondola,good
https://it.wikipedia.org/wiki/Roberto_Panichi,good
https://it.wikipedia.org/wiki/Jan_Bar%C3%A1nek,good
https://it.wikipedia.org/wiki/Scleroderma,good
https://it.wikipedia.org/wiki/V%C3%B6n%C3%B6ck,good
https://it.wikipedia.org/wiki/Montmirat,good
https://it.wikipedia.org/wiki/Dua_(G%C3%BCne%C5%9F_e_Uzi),good
https://it.wikipedia.org/wiki/Mercury_Commuter,good
https://it.wikipedia.org/wiki/Courcelles-de-Touraine,good
https://it.wikipedia.org/wiki/Adorf_(Vogtland),good
https://it.wikipedia.org/wiki/Raja'i_Ayed,good
https://it.wikipedia.org/wiki/Group_(Unix),good
https://it.wikipedia.org/wiki/DOA%3A_Dead_or_Alive,good
https://it.wikipedia.org/wiki/Monte_Avaro,good
https://it.wikipedia.org/wiki/Michael_Appleton,good
https://it.wikipedia.org/wiki/Kappeln_(Schleswig-Holstein),good
https://it.wikipedia.org/wiki/L'indiana_bianca,good
https://it.wikipedia.org/wiki/Erminio_Juvalta,good
https://it.wikipedia.org/wiki/Giuseppe_Lelio_Petronio,good
https://it.wikipedia.org/wiki/Manuel_Espino,good
https://it.wikipedia.org/wiki/Giuseppe_Rosi,good
https://it.wikipedia.org/wiki/Stephen_Hart,good
https://it.wikipedia.org/wiki/Niederstocken,good
https://it.wikipedia.org/wiki/Ha%C3%A7%C4%B1almuradl%C4%B1,good
https://it.wikipedia.org/wiki/Goniosupradens_erythrodactylus,good
https://it.wikipedia.org/wiki/Oltretorrente,good
https://it.wikipedia.org/wiki/Underworld_-_Il_risveglio,good
https://it.wikipedia.org/wiki/Rinc%C3%B3n_(Panama),good
https://it.wikipedia.org/wiki/Torulaspora_delbrueckii,good
https://it.wikipedia.org/wiki/Erik_Hajas,good
https://it.wikipedia.org/wiki/Bas_van_de_Goor,good
https://it.wikipedia.org/wiki/Tsumebite,good
https://it.wikipedia.org/wiki/Etajima,good
https://it.wikipedia.org/wiki/Zo%C3%A9_Talon,good
https://it.wikipedia.org/wiki/Rosmersholm,good
https://it.wikipedia.org/wiki/Lukov_(%C3%9Ast%C3%AD_nad_Labem),good
https://it.wikipedia.org/wiki/Verchnekamskij_rajon,good
https://it.wikipedia.org/wiki/Cristian_Bucchi,good
https://it.wikipedia.org/wiki/Affaire_Urba,good
https://it.wikipedia.org/wiki/Jos%C3%A9_Oxilia,good
https://it.wikipedia.org/wiki/Franco_Gerardini,good
https://it.wikipedia.org/wiki/Afroabcasi,good
https://it.wikipedia.org/wiki/Distretto_di_Kleck,good
https://it.wikipedia.org/wiki/Truman_Capote,good
https://it.wikipedia.org/wiki/Aeroporto_di_Kuala_Terengganu-Sultano_Mahmud,good
https://it.wikipedia.org/wiki/Presenza_reale,good
https://it.wikipedia.org/wiki/Fronte_Nazionale_(Repubblica_Democratica_Tedesca),good
https://it.wikipedia.org/wiki/Pala_di_San_Domenico_di_Pesaro,good
https://it.wikipedia.org/wiki/Pontecagnano_Faiano,good
https://it.wikipedia.org/wiki/Borys_Ta%C5%A1%C4%8Dy,good
https://it.wikipedia.org/wiki/Saint%2C_Devil_and_Woman,good
https://it.wikipedia.org/wiki/Materiale_rotabile_della_metropolitana_di_New_York,good
https://it.wikipedia.org/wiki/Chiesa_di_San_Rocco_(Monza),good
https://it.wikipedia.org/wiki/Michael_Kunze,good
https://it.wikipedia.org/wiki/Marcos_Knight,good
https://it.wikipedia.org/wiki/T%C3%A1rnok,good
https://it.wikipedia.org/wiki/Palazzo_Comunale_(Licodia_Eubea),good
https://it.wikipedia.org/wiki/Nomisia,good
https://it.wikipedia.org/wiki/Daniel_Moreno,good
https://it.wikipedia.org/wiki/Find_My_Baby,good
https://it.wikipedia.org/wiki/Distretto_di_Colca_(Jun%C3%ADn),good
https://it.wikipedia.org/wiki/Geografia_dell'Islanda,good
https://it.wikipedia.org/wiki/Serhij_Kovalec',good
https://it.wikipedia.org/wiki/Pitta_maxima,good
https://it.wikipedia.org/wiki/Benin_City,good
https://it.wikipedia.org/wiki/Vittorio_Cervone,good
https://it.wikipedia.org/wiki/Diocesi_di_Davenport,good
https://it.wikipedia.org/wiki/Louis_de_Jaucourt,good
https://it.wikipedia.org/wiki/Santa_Maria_in_Portico_Campitelli_(diaconia),good
https://it.wikipedia.org/wiki/Independencia_(Anzo%C3%A1tegui),good
https://it.wikipedia.org/wiki/We_Made_It_(Busta_Rhymes),good
https://it.wikipedia.org/wiki/Capra_girgentana,good
https://it.wikipedia.org/wiki/Stazione_di_Sihlbrugg,good
https://it.wikipedia.org/wiki/Costantino_Garraffa,good
https://it.wikipedia.org/wiki/Togepi,good
https://it.wikipedia.org/wiki/Ousmane_Tanor_Dieng,good
https://it.wikipedia.org/wiki/Killer_BOB,good
https://it.wikipedia.org/wiki/Cratere_Shakira,good
https://it.wikipedia.org/wiki/Santo_Amaro_(Bahia),good
https://it.wikipedia.org/wiki/%C4%8Cabranka,good
https://it.wikipedia.org/wiki/Castel_Castagna,good
https://it.wikipedia.org/wiki/Benedetta_di_Danimarca,good
https://it.wikipedia.org/wiki/Vera_Zorina,good
https://it.wikipedia.org/wiki/Daktari,good
https://it.wikipedia.org/wiki/John_Devey,good
https://it.wikipedia.org/wiki/Corvus_crassirostris,good
https://it.wikipedia.org/wiki/Biologia_evolutiva,good
https://it.wikipedia.org/wiki/G%C3%BCl_(disegno),good
https://it.wikipedia.org/wiki/San_Antonio,good
https://it.wikipedia.org/wiki/The_Mind-the-Paint_Girl_(film_1919),good
https://it.wikipedia.org/wiki/Thomas_Paul_Chipp,good
https://it.wikipedia.org/wiki/Ptereleotris_zebra,good
https://it.wikipedia.org/wiki/Vitamina_B6,good
https://it.wikipedia.org/wiki/Bayeux_(Francia),good
https://it.wikipedia.org/wiki/Ioan_Holender,good
https://it.wikipedia.org/wiki/Eug%C3%A8ne_Gaillard,good
https://it.wikipedia.org/wiki/William_Patrick_Adam,good
https://it.wikipedia.org/wiki/Jennie_McCormick,good
https://it.wikipedia.org/wiki/Anarhichas,good
https://it.wikipedia.org/wiki/Castello_di_Scarborough,good
https://it.wikipedia.org/wiki/Freweyni_Hailu,good
https://it.wikipedia.org/wiki/Stanotte_sorger%C3%A0_il_sole,good
https://it.wikipedia.org/wiki/Periclimenes_colemani,good
https://it.wikipedia.org/wiki/Kuru_(regno),good
https://it.wikipedia.org/wiki/Peregrine_Maitland,good
https://it.wikipedia.org/wiki/Altin_Lala,good
https://it.wikipedia.org/wiki/Gastone_Franchetti,good
https://it.wikipedia.org/wiki/Fuentes_de_Rubielos,good
https://it.wikipedia.org/wiki/Assedio_di_Bonn_(1689),good
https://it.wikipedia.org/wiki/Niederwinkling,good
https://it.wikipedia.org/wiki/Calyptocephalellidae,good
https://it.wikipedia.org/wiki/U.S._Route_67,good
https://it.wikipedia.org/wiki/Promozione_(scacchi),good
https://it.wikipedia.org/wiki/Raziel_(angelo),good
https://it.wikipedia.org/wiki/Petrova_(Maramure%C8%99),good
https://it.wikipedia.org/wiki/Paternion,good
https://it.wikipedia.org/wiki/Luis_Batlle_Berres,good
https://it.wikipedia.org/wiki/William_Elmer,good
https://it.wikipedia.org/wiki/Lituania_ai_Giochi_della_VIII_Olimpiade,good
https://it.wikipedia.org/wiki/Otto_von_Gierke,good
https://it.wikipedia.org/wiki/Ex_casa_della_Telefonica_Tirrena,good
https://it.wikipedia.org/wiki/Saasenheim,good
https://it.wikipedia.org/wiki/Yannick_Jauzion,good
https://it.wikipedia.org/wiki/Viktor_Aleksandrovi%C4%8D_Hartmann,good
https://it.wikipedia.org/wiki/Stigny,good
https://it.wikipedia.org/wiki/Ida_Engvoll,good
https://it.wikipedia.org/wiki/FGM-77_Dragon,good
https://it.wikipedia.org/wiki/Joseph_Phuong_Nguyen,good
https://it.wikipedia.org/wiki/Paul_Caiafa,good
https://it.wikipedia.org/wiki/Byureghavan,good
https://it.wikipedia.org/wiki/David_Tua,good
https://it.wikipedia.org/wiki/Contea_di_Ribeira_Brava,good
https://it.wikipedia.org/wiki/Gesalico,good
https://it.wikipedia.org/wiki/Vera_Nikolaevna_Zavadovskaja,good
https://it.wikipedia.org/wiki/Dover_(New_Jersey),good
https://it.wikipedia.org/wiki/Michael_McPhail,good
https://it.wikipedia.org/wiki/Pietracupa_(Guardavalle),good
https://it.wikipedia.org/wiki/Viaggi_apostolici_di_papa_Leone_XIV,good
https://it.wikipedia.org/wiki/Sevilla_(Colombia),good
https://it.wikipedia.org/wiki/Madonna_col_Bambino_tra_i_santi_Paolo_e_Francesco,good
https://it.wikipedia.org/wiki/Hartwig_Derenbourg,good
https://it.wikipedia.org/wiki/Lepomis_auritus,good
https://it.wikipedia.org/wiki/Maria_Pacini_Fazzi,good
https://it.wikipedia.org/wiki/Cristina_Scocchia,good
https://it.wikipedia.org/wiki/Lucio_Porcio_Catone,good
https://it.wikipedia.org/wiki/Monte_d'Alma,good
https://it.wikipedia.org/wiki/Ormes-et-Ville,good
https://it.wikipedia.org/wiki/34_Cancri,good
https://it.wikipedia.org/wiki/Nagyr%C3%A1b%C3%A9,good
https://it.wikipedia.org/wiki/Ciottolato,good
https://it.wikipedia.org/wiki/Partito_Comunista_Bulgaro,good
https://it.wikipedia.org/wiki/Frauenkirche_(Dresda),good
https://it.wikipedia.org/wiki/Selu_Corona,good
https://it.wikipedia.org/wiki/Stazione_di_Candelo,good
https://it.wikipedia.org/wiki/Giovanni_Morelli_(storico_dell'arte),good
https://it.wikipedia.org/wiki/Servizio_militare_femminile,good
https://it.wikipedia.org/wiki/Vermin_Supreme,good
https://it.wikipedia.org/wiki/Chiesa_di_San_Giovanni_di_Dio_(Lecce),good
https://it.wikipedia.org/wiki/Porta_San_Pietro_(Lucca),good
https://it.wikipedia.org/wiki/Carlo_Nogaro,good
https://de.wikipedia.org/wiki/Zellertal_(Region),good
https://de.wikipedia.org/wiki/Nuncq-Hautec%C3%B4te,good
https://de.wikipedia.org/wiki/Boli_Bolingoli,good
https://de.wikipedia.org/wiki/Chen_Shu-fen,good
https://de.wikipedia.org/wiki/Carl_Schr%C3%B6der_(Studienrat),good
https://de.wikipedia.org/wiki/Lesbophobie,good
https://de.wikipedia.org/wiki/Stewart_County_(Tennessee),good
https://de.wikipedia.org/wiki/NGC_234,good
https://de.wikipedia.org/wiki/Hans_Henning_Schreiber,good
https://de.wikipedia.org/wiki/Bj%C3%B6rg_Thorarensen,good
https://de.wikipedia.org/wiki/Klaus_Kreowski,good
https://de.wikipedia.org/wiki/Abutilon_julianae,good
https://de.wikipedia.org/wiki/Suzuri-no-Tamashi,good
https://de.wikipedia.org/wiki/Fujian_(Schiff),good
https://de.wikipedia.org/wiki/Kr%C3%A1s%C5%88any,good
https://de.wikipedia.org/wiki/Karel_Buchtela,good
https://de.wikipedia.org/wiki/Siguiri,good
https://de.wikipedia.org/wiki/Gorgo-Maler,good
https://de.wikipedia.org/wiki/St._Peterskirche_an_der_Br%C3%BCcke_(Dorndorf),good
https://de.wikipedia.org/wiki/Ebrima_Colley,good
https://de.wikipedia.org/wiki/Marek_Bie%C5%84czyk,good
https://de.wikipedia.org/wiki/Langenstra%C3%9Fe_71_(Stralsund),good
https://de.wikipedia.org/wiki/Rachel_van_Dantzig,good
https://de.wikipedia.org/wiki/Laurence_Golborne,good
https://de.wikipedia.org/wiki/F%C3%A9lix_Berenguer_de_Marquina,good
https://de.wikipedia.org/wiki/Horbelev_Sogn,good
https://de.wikipedia.org/wiki/Niko_Pelinka,good
https://de.wikipedia.org/wiki/Friedhof_Mittenwald,good
https://de.wikipedia.org/wiki/Deesbach,good
https://de.wikipedia.org/wiki/Clickimin_Loch,good
https://de.wikipedia.org/wiki/Conchez-de-B%C3%A9arn,good
https://de.wikipedia.org/wiki/Alexander_Schuschemoin,good
https://de.wikipedia.org/wiki/Pfarrkirche_Staatz,good
https://de.wikipedia.org/wiki/Bernhard_Thiersch,good
https://de.wikipedia.org/wiki/Hochfrequenzlitze,good
https://de.wikipedia.org/wiki/AN%2FAAR-60,good
https://de.wikipedia.org/wiki/Deutsche_Fu%C3%9Fballmeisterschaft_1906%2F07,good
https://de.wikipedia.org/wiki/Liga_Vitalis_2009,good
https://de.wikipedia.org/wiki/ACV_Records,good
https://de.wikipedia.org/wiki/Iwan_Alexandrowitsch_Annenkow,good
https://de.wikipedia.org/wiki/Goethestra%C3%9Fe_22%E2%80%9328_(Magdeburg),good
https://de.wikipedia.org/wiki/Oberhausen_(Schleiden),good
https://de.wikipedia.org/wiki/Pini_Balili,good
https://de.wikipedia.org/wiki/Kibaha_(TC),good
https://de.wikipedia.org/wiki/Ossining,good
https://de.wikipedia.org/wiki/The_New_Power_Generation,good
https://de.wikipedia.org/wiki/Palazzo_della_Ragione_(Padua),good
https://de.wikipedia.org/wiki/Williamsr%C3%B6hre,good
https://de.wikipedia.org/wiki/Abu_Nuwas,good
https://de.wikipedia.org/wiki/Owen_Sound,good
https://de.wikipedia.org/wiki/Graugeb%C3%A4nderte_K%C3%B6nigsnatter,good
https://de.wikipedia.org/wiki/Varuth_Wongsomsak,good
https://de.wikipedia.org/wiki/Paris_ePrix_2016,good
https://de.wikipedia.org/wiki/Djer,good
https://de.wikipedia.org/wiki/Am%C3%B6neburger_Becken,good
https://de.wikipedia.org/wiki/Giuseppe_Farina,good
https://de.wikipedia.org/wiki/Tokodede,good
https://de.wikipedia.org/wiki/Feldhockey-Europameisterschaft_der_Damen_2007,good
https://de.wikipedia.org/wiki/Laogai,good
https://de.wikipedia.org/wiki/Navacarros,good
https://de.wikipedia.org/wiki/Loud%C3%A9ac,good
https://de.wikipedia.org/wiki/M%C3%A9dina_Gounass,good
https://de.wikipedia.org/wiki/Hochmittelalterliche_Ostsiedlung,good
https://de.wikipedia.org/wiki/San_Antonio_de_los_Cobres,good
https://de.wikipedia.org/wiki/Juri_Iwanowitsch_Schurawljow,good
https://de.wikipedia.org/wiki/Moto_Guzzi_Breva,good
https://de.wikipedia.org/wiki/Standseilbahn_Tiflis,good
https://de.wikipedia.org/wiki/Jacqueline_Gareau,good
https://de.wikipedia.org/wiki/La_Trinidad_(Benguet),good
https://de.wikipedia.org/wiki/Super_Bowl_XXXII,good
https://de.wikipedia.org/wiki/Laurence_Steinhardt,good
https://de.wikipedia.org/wiki/B%C3%ADl%C3%A1_Opava,good
https://de.wikipedia.org/wiki/Buchenberg_bei_Kr%C3%B6lpa,good
https://de.wikipedia.org/wiki/Sonnenfinsternis_vom_26._Januar_2009,good
https://de.wikipedia.org/wiki/Fathi_Derder,good
https://de.wikipedia.org/wiki/Dobberworth,good
https://de.wikipedia.org/wiki/Ligat_ha%E2%80%99Al_2020%2F21,good
https://de.wikipedia.org/wiki/Luke_Flanagan,good
https://de.wikipedia.org/wiki/Hormonpflaster,good
https://de.wikipedia.org/wiki/Gutshaus_Rog%C3%A4sen,good
https://de.wikipedia.org/wiki/Sergei_Michailowitsch_Ignatjew,good
https://de.wikipedia.org/wiki/Mirror_Lakes_(Neuseeland),good
https://de.wikipedia.org/wiki/Tour_de_France_2020%2F10._Etappe,good
https://de.wikipedia.org/wiki/J%C3%BCrg_Hoign%C3%A9,good
https://de.wikipedia.org/wiki/Barry_Williams_(Schauspieler),good
https://de.wikipedia.org/wiki/Bananarama%2FDiskografie,good
https://de.wikipedia.org/wiki/Lonsdale_Belt,good
https://de.wikipedia.org/wiki/Manuel_Sadosky,good
https://de.wikipedia.org/wiki/St.-Marien-Kirche_(Coburg),good
https://de.wikipedia.org/wiki/Nordstaaten,good
https://de.wikipedia.org/wiki/Peter_Schlickenrieder,good
https://de.wikipedia.org/wiki/Yanagisawa_Kien,good
https://de.wikipedia.org/wiki/Schloss_Einsiedel_(Darmstadt),good
https://de.wikipedia.org/wiki/Clayton_da_Silveira_da_Silva,good
https://de.wikipedia.org/wiki/Schafhof_(Freising),good
https://de.wikipedia.org/wiki/Clemens_II.,good
https://de.wikipedia.org/wiki/Ochsenberg_(K%C3%B6nigsbronn),good
https://de.wikipedia.org/wiki/Strand_Bookstore,good
https://de.wikipedia.org/wiki/Route_der_Industriekultur_%E2%80%93_Auf_dem_Weg_zur_blauen_Emscher,good
https://de.wikipedia.org/wiki/Ingolf_L%C3%BCck,good
https://de.wikipedia.org/wiki/3%3A2-Pull-down,good
https://de.wikipedia.org/wiki/Sargenroth,good
https://de.wikipedia.org/wiki/John_Braham,good
https://de.wikipedia.org/wiki/Fr%C3%B6hstockheim,good
https://de.wikipedia.org/wiki/IC_4842,good
https://de.wikipedia.org/wiki/Richard_Wentworth,good
https://de.wikipedia.org/wiki/Amtsgericht_Rees,good
https://de.wikipedia.org/wiki/Croatan_(Schiff),good
https://de.wikipedia.org/wiki/Haartrockner,good
https://de.wikipedia.org/wiki/Grand_Prix_Museum,good
https://de.wikipedia.org/wiki/Ada_Rohowzewa,good
https://de.wikipedia.org/wiki/S%C3%BCdostdeutsche_Fu%C3%9Fballmeisterschaft_1919%2F20,good
https://de.wikipedia.org/wiki/Eurymedon-Kanne,good
https://de.wikipedia.org/wiki/Mj%C3%A4llby_(Ort),good
https://de.wikipedia.org/wiki/Ernst_Beckmann_(Chemiker),good
https://de.wikipedia.org/wiki/Fronhof_(Grafenw%C3%B6hr),good
https://de.wikipedia.org/wiki/Wawau_Adler,good
https://de.wikipedia.org/wiki/St._Johannes_(Luzern),good
https://de.wikipedia.org/wiki/FightAIDS%40Home,good
https://de.wikipedia.org/wiki/Nordische_Skiweltmeisterschaften_1954,good
https://de.wikipedia.org/wiki/John_W._Maddox,good
https://de.wikipedia.org/wiki/Maxim_Wartenberg,good
https://de.wikipedia.org/wiki/Keith_Giffen,good
https://de.wikipedia.org/wiki/Denis_Blundell,good
https://de.wikipedia.org/wiki/Fabryka_Sk%C3%B3r_G._Weigle%2C_Synowie,good
https://de.wikipedia.org/wiki/Kalanchoe_bogneri,good
https://de.wikipedia.org/wiki/Lars_Jansson_(Musiker),good
https://de.wikipedia.org/wiki/St._Georg-Gymnasium_Bocholt,good
https://de.wikipedia.org/wiki/ERikm,good
https://de.wikipedia.org/wiki/Waxahachie,good
https://de.wikipedia.org/wiki/Dmytro_Timashov,good
https://de.wikipedia.org/wiki/Dieter_Schornstein,good
https://de.wikipedia.org/wiki/Schneidjoch,good
https://de.wikipedia.org/wiki/Sergei_Sergejewitsch_Gaidutschenko,good
https://de.wikipedia.org/wiki/Jordan_Torunarigha,good
https://de.wikipedia.org/wiki/Mirsdorf,good
https://de.wikipedia.org/wiki/Nadiem_Amiri,good
https://de.wikipedia.org/wiki/Mikko_Kokslien,good
https://de.wikipedia.org/wiki/Sportverein_Sobaeksu,good
https://de.wikipedia.org/wiki/Kirschweiler_Festung,good
https://de.wikipedia.org/wiki/Ludovic_Moncheur,good
https://de.wikipedia.org/wiki/Bootsunfall_des_Motorbootes_Wildente,good
https://de.wikipedia.org/wiki/Joachim_Nettelbeck_(Seemann),good
https://de.wikipedia.org/wiki/Suzanne_Edwards,good
https://de.wikipedia.org/wiki/Liste_der_Gemeinden_im_Landkreis_W%C3%BCrzburg,good
https://de.wikipedia.org/wiki/Gianni_Berengo_Gardin,good
https://de.wikipedia.org/wiki/Internet_der_Dinge,good
https://de.wikipedia.org/wiki/Ludwig_Sello,good
https://de.wikipedia.org/wiki/Sk%C3%A1lholtsvegur,good
https://de.wikipedia.org/wiki/Kuratienkirche_Gortipohl,good
https://de.wikipedia.org/wiki/Dippmannsdorf,good
https://de.wikipedia.org/wiki/Saxen,good
https://de.wikipedia.org/wiki/Johann_Baptist_Wenzel_Bergl,good
https://de.wikipedia.org/wiki/Nikos_Pappas,good
https://de.wikipedia.org/wiki/Liste_der_Baudenkmale_in_Osnabr%C3%BCck_%E2%80%93_Herderstra%C3%9Fe,good
https://de.wikipedia.org/wiki/Cheval-Blanc,good
https://de.wikipedia.org/wiki/Temeke_(Distrikt),good
https://de.wikipedia.org/wiki/B%C3%B6dexen,good
https://de.wikipedia.org/wiki/St._Ludwig_(Oberau),good
https://de.wikipedia.org/wiki/Schlosskirche_St._Maria_Magdalena_(Salzgitter),good
https://de.wikipedia.org/wiki/Paris%E2%80%93Roubaix_2005,good
https://de.wikipedia.org/wiki/Joseph_Friedrich_Treppner,good
https://de.wikipedia.org/wiki/Pauliina_Vilponen,good
https://de.wikipedia.org/wiki/Raymond_Sarmiento,good
https://de.wikipedia.org/wiki/Ilja_Wiktorowitsch_Schtscherbowitsch,good
https://de.wikipedia.org/wiki/Morten_Helveg_Petersen,good
https://de.wikipedia.org/wiki/K%C5%8Dichi_Morishita,good
https://de.wikipedia.org/wiki/Roger_Gibbon,good
https://de.wikipedia.org/wiki/Burg_Schwartzenburg,good
https://de.wikipedia.org/wiki/Sonic_Pi,good
https://de.wikipedia.org/wiki/Roden_(Unterfranken),good
https://de.wikipedia.org/wiki/Distrikt_Tambunan,good
https://de.wikipedia.org/wiki/Tench_Coxe,good
https://de.wikipedia.org/wiki/Constant_Cornelis_Huijsmans,good
https://de.wikipedia.org/wiki/Lyot_(Marskrater),good
https://de.wikipedia.org/wiki/Keith_Michell,good
https://de.wikipedia.org/wiki/Villa_Lutherstra%C3%9Fe_6_(Radebeul),good
https://de.wikipedia.org/wiki/Wilfried_Seibel_(Politiker),good
https://de.wikipedia.org/wiki/Padua,good
https://de.wikipedia.org/wiki/Wasserstra%C3%9Fe_27_(Stralsund),good
https://de.wikipedia.org/wiki/MyBB,good
https://de.wikipedia.org/wiki/NGC_1375,good
https://de.wikipedia.org/wiki/Dorfkirche_Gnetsch,good
https://de.wikipedia.org/wiki/Lu%C3%ADs_C%C3%ADlia,good
https://de.wikipedia.org/wiki/Die_Linke_Th%C3%BCringen,good
https://de.wikipedia.org/wiki/Reiterstandbild_Friedrichs_III.,good
https://de.wikipedia.org/wiki/Goi%C3%A1s_EC,good
https://de.wikipedia.org/wiki/Dingo_Pictures,good
https://de.wikipedia.org/wiki/Reiner_Maurer,good
https://de.wikipedia.org/wiki/Infusion,good
https://de.wikipedia.org/wiki/Jan_Hru%C5%A1ka_(Radsportler),good
https://de.wikipedia.org/wiki/Josef_Ternstr%C3%B6m,good
https://de.wikipedia.org/wiki/Bellerophon-Formation,good
https://de.wikipedia.org/wiki/Barbora_Krej%C4%8D%C3%ADkov%C3%A1,good
https://de.wikipedia.org/wiki/Bahn_Extra,good
https://de.wikipedia.org/wiki/Merritt_Mathias,good
https://de.wikipedia.org/wiki/R%C3%BAben_Semedo,good
https://de.wikipedia.org/wiki/Timmy_Trumpet,good
https://de.wikipedia.org/wiki/Hindelbank,good
https://de.wikipedia.org/wiki/Schaltschrank,good
https://de.wikipedia.org/wiki/Dornmakel-Erdeule,good
https://de.wikipedia.org/wiki/The_E.N.D.,good
https://de.wikipedia.org/wiki/Schloss_Weidenburg,good
https://de.wikipedia.org/wiki/Mainz-Weisenau,good
https://de.wikipedia.org/wiki/Rotarmist,good
https://de.wikipedia.org/wiki/Mari%C3%A4_Geburt_(Wartenberg),good
https://de.wikipedia.org/wiki/Tom_Kha_Kai,good
https://de.wikipedia.org/wiki/Hadewijch,good
https://de.wikipedia.org/wiki/Echioceras,good
https://de.wikipedia.org/wiki/Handfeuerwaffe,good
https://de.wikipedia.org/wiki/Quermarkenfeuer_Rotes_Kliff,good
https://de.wikipedia.org/wiki/Fran%C3%A7ois_Lanusse,good
https://de.wikipedia.org/wiki/Kamow_Ka-226,good
https://de.wikipedia.org/wiki/Kanton_Saint-Maixent-l%E2%80%99%C3%89cole,good
https://de.wikipedia.org/wiki/Elaho_River,good
https://de.wikipedia.org/wiki/%C3%84quatorialer_Gegenstrom,good
https://de.wikipedia.org/wiki/Halba_(Unternehmen),good
https://de.wikipedia.org/wiki/Albert_Weber_(Automobilzulieferer),good
https://de.wikipedia.org/wiki/Burgruine_Kraftstein,good
https://de.wikipedia.org/wiki/Sender_L%C3%BCbeck,good
https://de.wikipedia.org/wiki/Gro%C3%9Fe_Sommerwurz,good
https://de.wikipedia.org/wiki/U.S._Highway_49,good
https://de.wikipedia.org/wiki/Santa_Maria_di_Piazza,good
https://de.wikipedia.org/wiki/Carl_Kostka,good
https://de.wikipedia.org/wiki/Marc_Groenhuijsen,good
https://de.wikipedia.org/wiki/Walter_Marsden,good
https://de.wikipedia.org/wiki/Aristodamos,good
https://de.wikipedia.org/wiki/Distrikt_Pucusana,good
https://de.wikipedia.org/wiki/Dom_von_Prato,good
https://de.wikipedia.org/wiki/Galoli_(Sprache),good
https://de.wikipedia.org/wiki/Bedford_CA,good
https://de.wikipedia.org/wiki/Electrosuisse,good
https://de.wikipedia.org/wiki/Soci%C3%A9t%C3%A9_Vaudoise_des_Sciences_Naturelles,good
https://de.wikipedia.org/wiki/Fu%C3%9Fballnationalmannschaft_der_DDR_(U-16-Junioren),good
https://de.wikipedia.org/wiki/Donald_Ray_Pollock,good
https://de.wikipedia.org/wiki/Carnac_Island,good
https://de.wikipedia.org/wiki/German_Japan_Bowl,good
https://de.wikipedia.org/wiki/Kardinalfische,good
https://de.wikipedia.org/wiki/Robin_Wright_(Journalistin),good
https://de.wikipedia.org/wiki/B%C3%B6hming,good
https://de.wikipedia.org/wiki/Franziskanerkloster_St._Wolfgang_in_Kreuznach,good
https://de.wikipedia.org/wiki/Theresa_Simon,good
https://de.wikipedia.org/wiki/Kongress-Eiche,good
https://de.wikipedia.org/wiki/Nationalstra%C3%9Fe_B11,good
https://de.wikipedia.org/wiki/Festum_Fluxorum_Fluxus,good
https://de.wikipedia.org/wiki/Terra-Nova-Nationalpark,good
https://de.wikipedia.org/wiki/Berlin-Buch,good
https://de.wikipedia.org/wiki/Kreuzabnahme,good
https://de.wikipedia.org/wiki/Vasticardium_luteomarginatum,good
https://de.wikipedia.org/wiki/Liste_von_Nebelmitteln_gem%C3%A4%C3%9F_den_Kennbl%C3%A4ttern_fremden_Ger%C3%A4ts_D_50%2F10,good
https://de.wikipedia.org/wiki/L%C3%A9on-Eli_Troclet,good
https://de.wikipedia.org/wiki/Matt_Hussey,good
https://de.wikipedia.org/wiki/Leonora_Tyson,good
https://de.wikipedia.org/wiki/Liste_der_AEW_Pay-Per-Views,good
https://de.wikipedia.org/wiki/Polymethylmethacrylat,good
https://de.wikipedia.org/wiki/Wehrer_M%C3%BChle,good
https://de.wikipedia.org/wiki/Petrus_Scriverius,good
https://de.wikipedia.org/wiki/Basilika_Unserer_Lieben_Frau_von_Uribarri,good
https://de.wikipedia.org/wiki/Stromtrichter,good
https://de.wikipedia.org/wiki/Bad_Acid_Trip,good
https://de.wikipedia.org/wiki/Vitalicio_Seguros-Grupo_Generali,good
https://de.wikipedia.org/wiki/Kay-S%C3%B6lve_Richter,good
https://de.wikipedia.org/wiki/Rain%2C_Steam_and_Speed_%E2%80%93_The_Great_Western_Railway,good
https://de.wikipedia.org/wiki/Bruce_Keener_III,good
https://de.wikipedia.org/wiki/Nakhon_Nayok_Provincial_Administrative_Organization_Stadium,good
https://de.wikipedia.org/wiki/Distrikt_San_Miguel_de_Acos,good
https://de.wikipedia.org/wiki/Christoph_Marquard_Ed,good
https://de.wikipedia.org/wiki/Mike_Vernon_(Eishockeyspieler),good
https://de.wikipedia.org/wiki/Carlos_Brandt,good
https://de.wikipedia.org/wiki/Figurengruppe_vor_dem_Schlossmuseum_Wolmirstedt,good
https://de.wikipedia.org/wiki/Charles_Gordon-Lennox%2C_7._Duke_of_Richmond,good
https://de.wikipedia.org/wiki/Maria-Luise_Mathiaschitz,good
https://de.wikipedia.org/wiki/Maria_Clara_Groppler,good
https://de.wikipedia.org/wiki/Naturschutzgebiet_B%C3%A4renstein,good
https://de.wikipedia.org/wiki/Feng_Xiaogang,good
https://de.wikipedia.org/wiki/Sparkasse_Schaumburg,good
https://de.wikipedia.org/wiki/Weltausstellung_London_1862,good
https://de.wikipedia.org/wiki/Albert_Ludwig_von_Haza-Radlitz,good
https://de.wikipedia.org/wiki/Chidrac,good
https://de.wikipedia.org/wiki/Carlos_Vera_(Schiedsrichter),good
https://de.wikipedia.org/wiki/St._Mauritius_(Rottum),good
https://de.wikipedia.org/wiki/Gaiarine,good
https://de.wikipedia.org/wiki/Order_of_St_Michael_and_St_George,good
https://de.wikipedia.org/wiki/Kisch-See,good
https://de.wikipedia.org/wiki/Gr%C3%A9gory_Brenes,good
https://de.wikipedia.org/wiki/Bell_Canada,good
https://de.wikipedia.org/wiki/Liste_aller_Standardgr%C3%B6%C3%9Fen_f%C3%BCr_Rundzellen_nach_IEC-60086_bis_1990,good
https://de.wikipedia.org/wiki/Jewish_Theological_Seminary,good
https://de.wikipedia.org/wiki/Isle_of_Wight,good
https://de.wikipedia.org/wiki/Numedal,good
https://de.wikipedia.org/wiki/M16_(Halbkettenfahrzeug),good
https://de.wikipedia.org/wiki/Bahnhof_Caminha,good
https://de.wikipedia.org/wiki/CASA_C-201,good
https://de.wikipedia.org/wiki/Zeilarn,good
https://de.wikipedia.org/wiki/Heeresbekleidungsanstalt_Brunn_am_Gebirge,good
https://de.wikipedia.org/wiki/Kamara-Haus,good
https://de.wikipedia.org/wiki/%C4%8C%C3%AD%C4%8Dovice,good
https://de.wikipedia.org/wiki/S%C3%B6rsj%C3%B6n,good
https://de.wikipedia.org/wiki/Winthrop_Paul_Rockefeller,good
https://de.wikipedia.org/wiki/Ich_schau_den_wei%C3%9Fen_Wolken_nach,good
